Timestamp,Acce_x,Acce_y,Acce_z,Gyro_x,Gyro_y,Gyro_z,Label
2025-04-03 22:38:35.143531,3.08,8.94,-2.20,-0.03,0.02,0.02,BicepCurl
2025-04-03 22:38:35.176770,2.98,8.88,-2.15,-0.02,0.02,0.03,BicepCurl
2025-04-03 22:38:35.208034,3.04,8.84,-2.22,-0.01,-0.03,0.03,BicepCurl
2025-04-03 22:38:35.236910,3.04,8.81,-2.18,0.01,-0.03,0.05,BicepCurl
2025-04-03 22:38:35.266972,2.94,8.95,-2.23,-0.02,0.02,0.02,BicepCurl
2025-04-03 22:38:35.297531,3.02,8.97,-2.24,-0.04,0.04,0.00,BicepCurl
2025-04-03 22:38:35.329179,2.81,8.94,-2.03,-0.03,-0.07,0.02,BicepCurl
2025-04-03 22:38:35.359455,3.22,8.76,-2.34,-0.01,-0.01,0.01,BicepCurl
2025-04-03 22:38:35.390026,3.07,8.73,-2.22,-0.01,0.06,0.01,BicepCurl
2025-04-03 22:38:35.427779,2.81,8.84,-2.12,-0.01,-0.06,0.01,BicepCurl
2025-04-03 22:38:35.451526,2.93,8.83,-2.11,-0.03,-0.03,-0.01,BicepCurl
2025-04-03 22:38:35.485740,2.95,8.83,-2.26,-0.05,0.01,-0.04,BicepCurl
2025-04-03 22:38:35.528923,2.87,8.73,-2.29,-0.06,0.05,-0.05,BicepCurl
2025-04-03 22:38:35.543848,2.69,8.79,-1.96,-0.06,-0.07,-0.02,BicepCurl
2025-04-03 22:38:35.574432,2.91,8.85,-2.50,-0.04,-0.20,-0.01,BicepCurl
2025-04-03 22:38:35.605365,3.05,8.84,-2.60,-0.03,-0.09,-0.05,BicepCurl
2025-04-03 22:38:35.649722,3.17,8.90,-2.74,0.01,0.03,-0.04,BicepCurl
2025-04-03 22:38:35.667084,3.41,8.52,-3.22,0.12,0.07,0.01,BicepCurl
2025-04-03 22:38:35.699208,3.16,8.60,-3.10,0.39,-0.12,0.17,BicepCurl
2025-04-03 22:38:35.731477,3.90,8.78,-3.35,0.57,-0.28,0.26,BicepCurl
2025-04-03 22:38:35.759469,4.08,8.82,-3.65,0.55,-0.11,0.29,BicepCurl
2025-04-03 22:38:35.789914,3.74,8.66,-3.50,0.57,-0.21,0.37,BicepCurl
2025-04-03 22:38:35.825323,3.65,8.48,-3.56,0.68,-0.45,0.45,BicepCurl
2025-04-03 22:38:35.854340,4.01,8.49,-4.27,0.85,-0.49,0.50,BicepCurl
2025-04-03 22:38:35.883549,4.19,8.47,-4.53,1.04,-0.27,0.65,BicepCurl
2025-04-03 22:38:35.917681,4.19,8.35,-4.81,1.20,-0.35,0.73,BicepCurl
2025-04-03 22:38:35.944690,5.06,8.22,-6.13,1.46,-0.45,0.88,BicepCurl
2025-04-03 22:38:35.977161,5.39,8.28,-6.17,1.68,-0.06,0.99,BicepCurl
2025-04-03 22:38:36.006121,5.32,8.13,-6.70,1.91,-0.01,1.15,BicepCurl
2025-04-03 22:38:36.037320,6.05,7.75,-6.60,2.13,0.00,1.31,BicepCurl
2025-04-03 22:38:36.067965,5.85,7.70,-6.82,2.27,-0.09,1.41,BicepCurl
2025-04-03 22:38:36.106156,6.56,7.24,-8.16,2.49,-0.01,1.63,BicepCurl
2025-04-03 22:38:36.132279,5.60,6.47,-7.23,2.67,-0.11,1.67,BicepCurl
2025-04-03 22:38:36.165366,6.39,5.09,-8.75,2.81,-0.54,1.71,BicepCurl
2025-04-03 22:38:36.190998,6.49,4.73,-9.20,2.94,-0.08,1.75,BicepCurl
2025-04-03 22:38:36.235357,5.83,3.51,-7.62,2.96,0.07,1.70,BicepCurl
2025-04-03 22:38:36.264415,5.68,2.39,-8.08,3.00,0.12,1.75,BicepCurl
2025-04-03 22:38:36.285082,5.67,1.73,-8.57,2.96,0.27,1.70,BicepCurl
2025-04-03 22:38:36.316549,5.00,0.77,-7.12,2.89,0.13,1.77,BicepCurl
2025-04-03 22:38:36.359681,4.77,-0.74,-7.04,2.84,-0.14,1.63,BicepCurl
2025-04-03 22:38:36.375959,4.88,-1.16,-7.17,2.78,0.14,1.55,BicepCurl
2025-04-03 22:38:36.406328,4.68,-2.12,-6.11,2.70,0.18,1.46,BicepCurl
2025-04-03 22:38:36.443628,4.32,-3.25,-5.98,2.58,0.11,1.39,BicepCurl
2025-04-03 22:38:36.468242,4.26,-3.61,-6.67,2.41,0.33,1.31,BicepCurl
2025-04-03 22:38:36.499370,3.09,-4.95,-3.83,2.30,0.12,1.20,BicepCurl
2025-04-03 22:38:36.531471,3.21,-5.60,-4.46,2.17,0.06,1.07,BicepCurl
2025-04-03 22:38:36.564903,3.57,-6.00,-3.57,1.96,0.28,0.89,BicepCurl
2025-04-03 22:38:36.597546,2.71,-6.56,-1.90,1.67,0.35,0.79,BicepCurl
2025-04-03 22:38:36.622425,2.18,-7.15,-1.26,1.24,0.16,0.54,BicepCurl
2025-04-03 22:38:36.660223,2.13,-7.45,-0.74,0.81,0.28,0.36,BicepCurl
2025-04-03 22:38:36.685333,1.36,-7.60,-0.12,0.40,-0.02,0.10,BicepCurl
2025-04-03 22:38:36.714633,1.98,-7.84,-0.95,0.02,-0.09,-0.16,BicepCurl
2025-04-03 22:38:36.747880,2.36,-7.92,-0.78,-0.35,-0.07,-0.31,BicepCurl
2025-04-03 22:38:36.776200,2.49,-7.64,-1.42,-0.75,-0.07,-0.47,BicepCurl
2025-04-03 22:38:36.806818,2.74,-7.41,-1.58,-1.06,0.02,-0.61,BicepCurl
2025-04-03 22:38:36.838964,2.88,-7.11,-1.96,-1.34,0.00,-0.81,BicepCurl
2025-04-03 22:38:36.887751,3.01,-6.78,-2.38,-1.61,-0.04,-0.96,BicepCurl
2025-04-03 22:38:36.899620,2.92,-6.54,-2.16,-1.99,0.13,-1.16,BicepCurl
2025-04-03 22:38:36.938322,3.12,-5.32,-3.50,-2.21,-0.29,-1.34,BicepCurl
2025-04-03 22:38:36.961477,4.40,-4.66,-5.23,-2.32,-0.22,-1.43,BicepCurl
2025-04-03 22:38:36.992877,4.69,-4.03,-3.86,-2.50,0.27,-1.47,BicepCurl
2025-04-03 22:38:37.025156,4.36,-2.90,-7.03,-2.53,-0.12,-1.67,BicepCurl
2025-04-03 22:38:37.055614,5.52,-2.04,-7.22,-2.51,-0.05,-1.52,BicepCurl
2025-04-03 22:38:37.084529,4.93,-1.85,-5.63,-2.56,-0.44,-1.56,BicepCurl
2025-04-03 22:38:37.117290,7.30,0.05,-8.65,-2.56,-0.23,-1.52,BicepCurl
2025-04-03 22:38:37.146499,7.07,0.07,-8.15,-2.52,0.34,-1.43,BicepCurl
2025-04-03 22:38:37.180889,5.67,1.10,-6.85,-2.54,-0.06,-1.60,BicepCurl
2025-04-03 22:38:37.211642,7.12,2.24,-8.34,-2.52,0.22,-1.46,BicepCurl
2025-04-03 22:38:37.238769,5.54,2.68,-7.07,-2.44,-0.60,-1.45,BicepCurl
2025-04-03 22:38:37.269612,6.88,3.70,-7.83,-2.33,-0.79,-1.29,BicepCurl
2025-04-03 22:38:37.300482,6.20,4.49,-8.86,-2.35,0.46,-1.42,BicepCurl
2025-04-03 22:38:37.331003,5.14,5.10,-7.58,-2.02,-0.17,-1.38,BicepCurl
2025-04-03 22:38:37.361776,7.43,5.42,-7.77,-1.87,0.22,-1.48,BicepCurl
2025-04-03 22:38:37.396193,5.17,5.54,-6.80,-2.03,0.96,-1.42,BicepCurl
2025-04-03 22:38:37.423624,3.60,6.07,-5.22,-1.95,-0.09,-1.40,BicepCurl
2025-04-03 22:38:37.454717,5.67,6.86,-5.81,-1.95,-0.34,-1.40,BicepCurl
2025-04-03 22:38:37.487399,4.58,7.48,-4.99,-2.15,0.46,-1.36,BicepCurl
2025-04-03 22:38:37.518602,4.08,8.63,-4.10,-2.23,0.32,-1.45,BicepCurl
2025-04-03 22:38:37.546745,4.28,9.29,-4.38,-2.28,0.37,-1.48,BicepCurl
2025-04-03 22:38:37.585962,3.85,10.07,-4.12,-2.26,0.48,-1.40,BicepCurl
2025-04-03 22:38:37.623807,4.28,10.07,-4.34,-2.04,0.27,-1.22,BicepCurl
2025-04-03 22:38:37.640595,4.27,9.97,-4.19,-1.60,0.18,-1.08,BicepCurl
2025-04-03 22:38:37.669835,3.89,9.32,-3.70,-1.17,-0.09,-0.79,BicepCurl
2025-04-03 22:38:37.702899,4.08,9.01,-3.28,-0.85,-0.37,-0.62,BicepCurl
2025-04-03 22:38:37.731500,4.46,9.08,-2.99,-0.67,-0.13,-0.49,BicepCurl
2025-04-03 22:38:37.762332,4.53,8.77,-2.82,-0.52,0.38,-0.49,BicepCurl
2025-04-03 22:38:37.800000,3.27,9.05,-2.16,-0.40,0.51,-0.26,BicepCurl
2025-04-03 22:38:37.824765,2.99,9.05,-1.53,-0.31,0.06,-0.13,BicepCurl
2025-04-03 22:38:37.862142,3.09,9.23,-2.00,-0.21,-0.13,0.07,BicepCurl
2025-04-03 22:38:37.889815,3.22,9.25,-1.88,-0.10,-0.05,0.00,BicepCurl
2025-04-03 22:38:37.917036,2.36,9.31,-1.53,-0.04,-0.13,0.06,BicepCurl
2025-04-03 22:38:37.946796,2.72,9.17,-1.63,0.04,-0.18,0.09,BicepCurl
2025-04-03 22:38:37.977752,1.90,9.13,-1.29,0.01,-0.01,0.04,BicepCurl
2025-04-03 22:38:38.010240,1.70,9.18,-1.18,0.06,-0.30,0.06,BicepCurl
2025-04-03 22:38:38.039329,2.57,9.48,-1.78,0.05,0.01,0.09,BicepCurl
2025-04-03 22:38:38.070148,1.70,9.18,-1.19,0.07,-0.13,0.06,BicepCurl
2025-04-03 22:38:38.101457,2.04,9.27,-1.23,0.14,-0.31,0.12,BicepCurl
2025-04-03 22:38:38.131790,2.79,9.19,-1.60,0.16,-0.17,0.15,BicepCurl
2025-04-03 22:38:38.164126,2.81,9.19,-1.73,0.18,-0.01,0.14,BicepCurl
2025-04-03 22:38:38.198656,2.57,9.32,-1.43,0.19,-0.06,0.18,BicepCurl
2025-04-03 22:38:38.224015,2.98,9.25,-1.85,0.23,-0.20,0.26,BicepCurl
2025-04-03 22:38:38.255512,3.02,9.05,-2.33,0.32,-0.19,0.28,BicepCurl
2025-04-03 22:38:38.285754,3.21,8.98,-2.27,0.50,-0.39,0.31,BicepCurl
2025-04-03 22:38:38.317414,4.07,9.10,-2.95,0.53,0.05,0.31,BicepCurl
2025-04-03 22:38:38.347336,2.72,9.14,-2.62,0.56,-0.00,0.44,BicepCurl
2025-04-03 22:38:38.386067,3.35,8.71,-2.93,0.79,-0.81,0.61,BicepCurl
2025-04-03 22:38:38.409346,4.24,8.79,-3.74,0.93,-0.61,0.66,BicepCurl
2025-04-03 22:38:38.440547,4.48,8.72,-4.52,1.10,-0.31,0.75,BicepCurl
2025-04-03 22:38:38.472016,4.24,8.71,-4.17,1.27,-0.43,0.91,BicepCurl
2025-04-03 22:38:38.503110,4.59,8.78,-4.91,1.45,-0.54,0.90,BicepCurl
2025-04-03 22:38:38.533341,5.38,8.73,-5.66,1.72,-0.06,1.03,BicepCurl
2025-04-03 22:38:38.563454,5.13,8.52,-5.99,1.91,0.07,1.12,BicepCurl
2025-04-03 22:38:38.593841,5.51,8.52,-6.39,2.14,0.08,1.29,BicepCurl
2025-04-03 22:38:38.624877,5.73,8.30,-6.45,2.30,0.18,1.48,BicepCurl
2025-04-03 22:38:38.660708,5.37,7.52,-7.04,2.54,-0.21,1.62,BicepCurl
2025-04-03 22:38:38.687960,5.79,7.21,-7.63,2.71,-0.40,1.71,BicepCurl
2025-04-03 22:38:38.717201,6.19,6.21,-7.60,2.81,-0.34,1.76,BicepCurl
2025-04-03 22:38:38.750112,6.28,5.15,-8.65,2.89,-0.13,1.78,BicepCurl
2025-04-03 22:38:38.778865,5.74,4.60,-7.93,2.94,-0.13,1.78,BicepCurl
2025-04-03 22:38:38.810583,5.91,3.36,-7.65,2.99,-0.21,1.73,BicepCurl
2025-04-03 22:38:38.840398,6.30,2.13,-8.03,2.92,0.43,1.68,BicepCurl
2025-04-03 22:38:38.871216,4.02,0.96,-6.65,2.85,0.11,1.57,BicepCurl
2025-04-03 22:38:38.907602,5.02,0.62,-7.44,2.89,-0.52,1.53,BicepCurl
2025-04-03 22:38:38.934309,6.01,-0.60,-8.13,2.88,-0.11,1.45,BicepCurl
2025-04-03 22:38:38.965043,4.74,-1.73,-7.84,2.87,-0.16,1.39,BicepCurl
2025-04-03 22:38:39.002937,5.09,-2.36,-8.11,2.92,-0.24,1.42,BicepCurl
2025-04-03 22:38:39.025391,4.01,-3.65,-4.79,2.86,-0.26,1.38,BicepCurl
2025-04-03 22:38:39.056216,3.93,-4.39,-5.32,2.74,-0.03,1.18,BicepCurl
2025-04-03 22:38:39.091627,3.48,-4.87,-3.95,2.55,0.56,1.13,BicepCurl
2025-04-03 22:38:39.118684,1.81,-5.66,-0.57,1.93,0.57,0.79,BicepCurl
2025-04-03 22:38:39.148864,2.21,-6.48,-1.27,1.58,0.23,0.68,BicepCurl
2025-04-03 22:38:39.179672,2.40,-6.68,-0.96,1.09,0.29,0.71,BicepCurl
2025-04-03 22:38:39.214578,1.16,-7.12,-0.72,0.60,-0.08,0.41,BicepCurl
2025-04-03 22:38:39.242889,2.18,-7.29,-0.92,-0.04,-0.20,0.06,BicepCurl
2025-04-03 22:38:39.273476,1.87,-7.30,-1.28,-0.49,-0.24,-0.17,BicepCurl
2025-04-03 22:38:39.306758,1.93,-7.33,-1.57,-0.88,-0.28,-0.34,BicepCurl
2025-04-03 22:38:39.333500,2.09,-7.31,-1.06,-1.25,-0.01,-0.70,BicepCurl
2025-04-03 22:38:39.367621,1.96,-6.92,-1.60,-1.64,0.32,-1.10,BicepCurl
2025-04-03 22:38:39.397326,1.73,-5.83,-1.45,-2.16,-0.18,-1.36,BicepCurl
2025-04-03 22:38:39.426172,3.10,-4.62,-3.54,-2.51,-0.54,-1.58,BicepCurl
2025-04-03 22:38:39.456953,4.46,-4.02,-4.89,-2.82,-0.04,-1.68,BicepCurl
2025-04-03 22:38:39.487858,4.38,-2.83,-4.26,-2.96,0.14,-1.57,BicepCurl
2025-04-03 22:38:39.518817,4.41,-2.15,-4.99,-3.19,0.46,-1.64,BicepCurl
2025-04-03 22:38:39.549317,5.38,0.34,-7.74,-3.23,0.00,-1.86,BicepCurl
2025-04-03 22:38:39.580053,6.42,0.40,-6.86,-3.13,0.05,-1.41,BicepCurl
2025-04-03 22:38:39.613925,5.39,1.04,-7.82,-3.19,-0.05,-1.85,BicepCurl
2025-04-03 22:38:39.641761,6.15,4.14,-9.54,-2.88,-1.11,-1.39,BicepCurl
2025-04-03 22:38:39.672647,8.44,3.85,-9.52,-2.60,-0.70,-1.45,BicepCurl
2025-04-03 22:38:39.704119,7.46,2.45,-8.73,-2.82,1.45,-1.51,BicepCurl
2025-04-03 22:38:39.735855,1.52,4.48,-6.40,-2.62,0.05,-1.60,BicepCurl
2025-04-03 22:38:39.764673,4.58,6.23,-6.41,-2.43,-1.70,-1.25,BicepCurl
2025-04-03 22:38:39.795567,8.55,5.42,-8.03,-2.67,0.86,-0.88,BicepCurl
2025-04-03 22:38:39.826667,2.50,7.28,-6.10,-2.54,0.66,-1.75,BicepCurl
2025-04-03 22:38:39.857405,2.76,9.24,-6.01,-2.41,-0.99,-1.45,BicepCurl
2025-04-03 22:38:39.888602,6.18,8.16,-6.73,-2.32,-0.30,-1.42,BicepCurl
2025-04-03 22:38:39.920988,4.37,8.71,-7.22,-2.21,0.25,-1.53,BicepCurl
2025-04-03 22:38:39.950237,3.60,9.44,-6.03,-1.91,-0.34,-1.25,BicepCurl
2025-04-03 22:38:39.980703,4.92,8.56,-6.48,-1.53,-0.19,-1.19,BicepCurl
2025-04-03 22:38:40.011647,4.22,8.34,-5.24,-1.43,0.27,-1.13,BicepCurl
2025-04-03 22:38:40.047868,3.50,8.42,-4.35,-1.44,0.21,-1.11,BicepCurl
2025-04-03 22:38:40.073238,2.61,8.45,-3.47,-1.53,-0.09,-1.16,BicepCurl
2025-04-03 22:38:40.103906,2.75,9.54,-3.40,-1.68,-0.21,-0.90,BicepCurl
2025-04-03 22:38:40.137566,2.08,9.41,-2.70,-1.65,-0.37,-0.83,BicepCurl
2025-04-03 22:38:40.165628,2.65,10.05,-3.18,-1.52,-0.28,-0.87,BicepCurl
2025-04-03 22:38:40.196555,2.46,9.96,-2.71,-1.36,0.20,-0.81,BicepCurl
2025-04-03 22:38:40.229200,1.55,9.64,-1.82,-1.16,0.06,-0.85,BicepCurl
2025-04-03 22:38:40.258274,1.70,9.92,-1.88,-0.81,-0.41,-0.63,BicepCurl
2025-04-03 22:38:40.289259,1.18,9.60,-1.40,-0.60,-0.61,-0.40,BicepCurl
2025-04-03 22:38:40.328287,1.81,10.23,-1.39,-0.39,-0.88,-0.22,BicepCurl
2025-04-03 22:38:40.350783,2.13,10.86,-1.56,-0.26,-0.78,-0.03,BicepCurl
2025-04-03 22:38:40.381938,1.77,10.54,-0.79,-0.16,-0.74,0.09,BicepCurl
2025-04-03 22:38:40.412526,1.76,9.83,-0.98,-0.10,-0.80,0.10,BicepCurl
2025-04-03 22:38:40.448670,1.53,9.11,-0.54,-0.04,-0.88,0.00,BicepCurl
2025-04-03 22:38:40.473988,1.25,8.89,-0.51,-0.00,-0.82,0.17,BicepCurl
2025-04-03 22:38:40.506640,0.58,10.13,-0.83,-0.01,-0.76,0.26,BicepCurl
2025-04-03 22:38:40.535606,0.11,10.40,-0.78,-0.05,-0.99,0.20,BicepCurl
2025-04-03 22:38:40.566812,0.48,10.02,-1.15,-0.08,-1.11,0.26,BicepCurl
2025-04-03 22:38:40.597296,0.03,9.70,-1.11,-0.12,-1.18,0.33,BicepCurl
2025-04-03 22:38:40.628196,0.27,9.30,-1.03,-0.14,-1.53,0.36,BicepCurl
2025-04-03 22:38:40.664175,1.32,9.25,-1.74,-0.15,-1.48,0.35,BicepCurl
2025-04-03 22:38:40.696670,1.16,9.32,-1.61,-0.15,-1.18,0.40,BicepCurl
2025-04-03 22:38:40.720847,0.94,9.40,-1.69,-0.17,-1.15,0.45,BicepCurl
2025-04-03 22:38:40.755062,0.66,9.11,-1.17,-0.14,-1.48,0.40,BicepCurl
2025-04-03 22:38:40.782475,0.87,9.36,-1.44,-0.15,-1.43,0.43,BicepCurl
2025-04-03 22:38:40.813106,0.93,10.03,-1.34,-0.16,-1.58,0.52,BicepCurl
2025-04-03 22:38:40.844038,0.97,10.36,-1.30,-0.19,-1.59,0.52,BicepCurl
2025-04-03 22:38:40.882536,0.66,10.20,-1.22,-0.23,-1.62,0.57,BicepCurl
2025-04-03 22:38:40.909153,0.95,9.72,-1.06,-0.25,-1.85,0.64,BicepCurl
2025-04-03 22:38:40.936271,1.60,9.56,-1.09,-0.28,-1.84,0.69,BicepCurl
2025-04-03 22:38:40.969038,1.38,9.91,-1.40,-0.34,-1.97,0.95,BicepCurl
2025-04-03 22:38:40.998124,2.68,9.84,-1.32,-0.18,-2.66,1.10,BicepCurl
2025-04-03 22:38:41.029751,4.79,9.95,-1.64,-0.16,-1.89,0.96,BicepCurl
2025-04-03 22:38:41.059930,3.22,8.95,-1.36,-0.26,-1.51,0.85,BicepCurl
2025-04-03 22:38:41.090606,4.50,7.95,-1.64,0.11,-2.45,0.93,BicepCurl
2025-04-03 22:38:41.121318,5.67,8.43,-2.04,0.33,-1.89,1.11,BicepCurl
2025-04-03 22:38:41.152084,4.35,8.41,-2.43,0.40,-1.80,1.20,BicepCurl
2025-04-03 22:38:41.185362,4.07,8.31,-2.76,0.62,-2.21,1.23,BicepCurl
2025-04-03 22:38:41.213640,5.02,8.32,-3.43,0.78,-1.93,1.20,BicepCurl
2025-04-03 22:38:41.267101,6.13,8.07,-4.83,1.02,-1.30,1.29,BicepCurl
2025-04-03 22:38:41.284214,6.28,8.33,-4.63,1.36,-0.90,1.37,BicepCurl
2025-04-03 22:38:41.310982,6.39,7.98,-5.17,1.63,-0.57,1.37,BicepCurl
2025-04-03 22:38:41.346532,6.61,8.28,-6.59,1.90,-0.32,1.65,BicepCurl
2025-04-03 22:38:41.378530,6.15,7.84,-7.06,2.23,-0.73,1.69,BicepCurl
2025-04-03 22:38:41.399511,7.21,7.07,-8.54,2.54,-0.62,1.76,BicepCurl
2025-04-03 22:38:41.429575,6.34,5.95,-7.53,2.87,-0.32,1.92,BicepCurl
2025-04-03 22:38:41.460257,6.54,5.11,-8.86,3.12,-0.17,1.86,BicepCurl
2025-04-03 22:38:41.492250,7.07,4.75,-7.97,3.25,0.21,1.90,BicepCurl
2025-04-03 22:38:41.528782,6.50,4.65,-8.15,3.27,0.54,1.86,BicepCurl
2025-04-03 22:38:41.559732,5.83,3.93,-7.25,3.24,0.12,1.94,BicepCurl
2025-04-03 22:38:41.583441,5.57,1.89,-6.09,3.12,0.02,1.88,BicepCurl
2025-04-03 22:38:41.622135,5.40,1.17,-5.81,3.07,-0.15,1.76,BicepCurl
2025-04-03 22:38:41.645966,5.04,0.19,-6.16,2.91,-0.04,1.69,BicepCurl
2025-04-03 22:38:41.678306,5.18,-1.17,-5.63,2.79,-0.39,1.49,BicepCurl
2025-04-03 22:38:41.708360,6.21,-1.68,-6.37,2.57,0.54,1.34,BicepCurl
2025-04-03 22:38:41.738880,2.60,-3.04,-4.46,2.40,0.10,1.12,BicepCurl
2025-04-03 22:38:41.771808,4.70,-3.83,-5.03,2.28,-0.23,0.93,BicepCurl
2025-04-03 22:38:41.799135,5.19,-4.31,-4.07,2.02,0.52,0.71,BicepCurl
2025-04-03 22:38:41.830005,2.95,-5.36,-2.07,1.68,0.22,0.66,BicepCurl
2025-04-03 22:38:41.861586,3.04,-6.29,-1.35,1.21,0.36,0.41,BicepCurl
2025-04-03 22:38:41.892111,2.28,-6.24,-0.13,0.74,0.07,0.02,BicepCurl
2025-04-03 22:38:41.923415,2.83,-6.25,-0.41,0.20,-0.06,-0.14,BicepCurl
2025-04-03 22:38:41.953144,3.08,-6.05,-0.99,-0.39,-0.15,-0.29,BicepCurl
2025-04-03 22:38:41.984455,2.91,-6.08,-1.76,-0.91,-0.37,-0.62,BicepCurl
2025-04-03 22:38:42.015659,3.69,-6.00,-2.09,-1.28,-0.64,-0.67,BicepCurl
2025-04-03 22:38:42.045693,4.17,-6.02,-3.65,-1.51,-0.26,-0.89,BicepCurl
2025-04-03 22:38:42.086858,3.83,-4.95,-2.51,-1.75,-0.50,-0.92,BicepCurl
2025-04-03 22:38:42.108927,5.08,-4.28,-3.75,-2.01,-0.29,-1.11,BicepCurl
2025-04-03 22:38:42.137876,4.24,-3.64,-4.83,-2.25,-0.07,-1.21,BicepCurl
2025-04-03 22:38:42.169212,5.70,-2.26,-5.33,-2.38,-0.71,-1.10,BicepCurl
2025-04-03 22:38:42.200429,6.07,-2.17,-6.88,-2.57,-0.12,-1.26,BicepCurl
2025-04-03 22:38:42.230481,5.08,-0.34,-7.30,-2.47,-0.19,-1.20,BicepCurl
2025-04-03 22:38:42.264031,6.76,-0.18,-7.92,-2.48,0.11,-1.15,BicepCurl
2025-04-03 22:38:42.300056,5.68,0.62,-7.40,-2.54,0.66,-1.20,BicepCurl
2025-04-03 22:38:42.322886,4.24,1.67,-7.51,-2.42,-0.36,-1.18,BicepCurl
2025-04-03 22:38:42.358116,7.39,2.60,-8.71,-2.23,-1.05,-1.24,BicepCurl
2025-04-03 22:38:42.386112,8.81,2.45,-8.38,-2.46,0.98,-1.40,BicepCurl
2025-04-03 22:38:42.419854,1.84,3.28,-6.14,-2.41,0.51,-1.55,BicepCurl
2025-04-03 22:38:42.459809,8.05,5.15,-8.65,-2.08,-1.72,-1.19,BicepCurl
2025-04-03 22:38:42.481762,10.78,5.03,-9.44,-2.38,1.39,-1.22,BicepCurl
2025-04-03 22:38:42.508724,2.51,5.44,-6.05,-2.23,0.88,-1.47,BicepCurl
2025-04-03 22:38:42.539280,6.96,6.79,-7.54,-1.89,-1.30,-0.86,BicepCurl
2025-04-03 22:38:42.573728,9.09,5.95,-8.11,-1.91,0.53,-1.20,BicepCurl
2025-04-03 22:38:42.600258,4.28,5.90,-5.02,-2.02,1.28,-1.35,BicepCurl
2025-04-03 22:38:42.631386,3.98,7.32,-3.65,-2.09,0.01,-1.44,BicepCurl
2025-04-03 22:38:42.661830,5.17,8.17,-4.64,-2.40,0.36,-1.53,BicepCurl
2025-04-03 22:38:42.695896,3.70,9.15,-3.40,-2.51,0.69,-1.48,BicepCurl
2025-04-03 22:38:42.723490,3.98,10.29,-3.75,-2.39,0.72,-1.66,BicepCurl
2025-04-03 22:38:42.754262,3.81,10.69,-3.44,-2.22,0.70,-1.57,BicepCurl
2025-04-03 22:38:42.789459,3.68,10.42,-3.22,-1.86,0.59,-1.35,BicepCurl
2025-04-03 22:38:42.816064,3.96,9.60,-2.45,-1.51,0.37,-1.11,BicepCurl
2025-04-03 22:38:42.847277,4.55,9.54,-2.52,-1.22,0.19,-0.92,BicepCurl
2025-04-03 22:38:42.879212,4.44,9.09,-2.75,-0.85,0.16,-0.59,BicepCurl
2025-04-03 22:38:42.908609,4.36,9.17,-2.10,-0.60,0.11,-0.53,BicepCurl
2025-04-03 22:38:42.939308,3.97,8.83,-1.78,-0.34,0.08,-0.29,BicepCurl
2025-04-03 22:38:42.973282,3.74,9.15,-1.74,-0.09,0.11,-0.12,BicepCurl
2025-04-03 22:38:43.001965,3.04,9.42,-0.97,0.05,0.10,0.07,BicepCurl
2025-04-03 22:38:43.037190,2.45,9.49,-0.76,0.13,-0.11,0.16,BicepCurl
2025-04-03 22:38:43.062965,2.33,9.47,-0.58,0.16,-0.23,0.19,BicepCurl
2025-04-03 22:38:43.096111,2.27,9.52,-0.31,0.18,-0.19,0.15,BicepCurl
2025-04-03 22:38:43.125356,1.81,9.41,-0.24,0.16,-0.10,0.13,BicepCurl
2025-04-03 22:38:43.154821,1.59,9.45,-0.03,0.19,-0.27,0.16,BicepCurl
2025-04-03 22:38:43.213562,2.29,9.39,-0.20,0.14,-0.11,0.04,BicepCurl
2025-04-03 22:38:43.224733,1.69,9.52,-0.26,0.05,0.02,0.01,BicepCurl
2025-04-03 22:38:43.246545,1.99,9.32,0.00,0.03,-0.15,-0.01,BicepCurl
2025-04-03 22:38:43.277563,2.65,9.23,-0.18,-0.01,-0.01,0.01,BicepCurl
2025-04-03 22:38:43.309465,2.37,9.34,-0.33,-0.05,0.14,0.02,BicepCurl
2025-04-03 22:38:43.338929,2.15,9.38,-0.20,-0.06,0.03,0.01,BicepCurl
2025-04-03 22:38:43.370925,2.52,9.53,-0.59,-0.08,0.05,0.03,BicepCurl
2025-04-03 22:38:43.404728,2.35,9.29,-0.78,-0.09,0.19,0.02,BicepCurl
2025-04-03 22:38:43.431405,2.03,9.35,-0.58,-0.03,-0.06,0.02,BicepCurl
2025-04-03 22:38:43.462282,2.81,9.28,-0.95,0.04,0.01,0.02,BicepCurl
2025-04-03 22:38:43.494648,2.59,9.17,-0.57,0.10,0.04,0.06,BicepCurl
2025-04-03 22:38:43.523624,2.61,9.39,-0.79,0.08,-0.00,0.06,BicepCurl
2025-04-03 22:38:43.560444,2.47,9.46,-0.65,0.10,-0.14,0.11,BicepCurl
2025-04-03 22:38:43.585064,3.00,9.36,-0.74,0.16,-0.23,0.15,BicepCurl
2025-04-03 22:38:43.624914,2.64,9.35,-1.13,0.24,-0.09,0.22,BicepCurl
2025-04-03 22:38:43.646854,2.43,9.38,-1.26,0.35,-0.40,0.32,BicepCurl
2025-04-03 22:38:43.680487,3.09,9.28,-1.24,0.39,-0.42,0.24,BicepCurl
2025-04-03 22:38:43.710145,2.62,9.17,-1.54,0.30,-0.08,0.15,BicepCurl
2025-04-03 22:38:43.747822,2.33,9.25,-0.99,0.23,-0.12,0.16,BicepCurl
2025-04-03 22:38:43.770104,2.61,9.15,-1.31,0.29,-0.49,0.18,BicepCurl
2025-04-03 22:38:43.802624,3.28,9.17,-2.44,0.51,-0.55,0.32,BicepCurl
2025-04-03 22:38:43.836130,3.41,9.03,-1.96,0.69,-0.49,0.41,BicepCurl
2025-04-03 22:38:43.862314,4.53,9.24,-3.07,0.72,-0.15,0.46,BicepCurl
2025-04-03 22:38:43.893395,3.86,9.16,-3.30,0.90,-0.37,0.68,BicepCurl
2025-04-03 22:38:43.929885,4.57,9.17,-3.34,1.26,-0.69,0.97,BicepCurl
2025-04-03 22:38:43.958609,5.15,8.61,-4.39,1.32,-0.32,0.93,BicepCurl
2025-04-03 22:38:43.987362,4.72,8.54,-4.83,1.39,-0.18,1.06,BicepCurl
2025-04-03 22:38:44.019956,4.31,8.44,-4.33,1.56,-0.49,1.22,BicepCurl
2025-04-03 22:38:44.047122,5.54,8.36,-5.86,1.74,-0.42,1.23,BicepCurl
2025-04-03 22:38:44.077885,5.52,8.29,-5.88,1.94,0.25,1.29,BicepCurl
2025-04-03 22:38:44.109424,5.01,8.29,-5.52,2.12,-0.10,1.37,BicepCurl
2025-04-03 22:38:44.143066,6.01,7.75,-6.70,2.31,-0.24,1.47,BicepCurl
2025-04-03 22:38:44.174974,6.25,6.98,-6.73,2.44,-0.12,1.51,BicepCurl
2025-04-03 22:38:44.202525,6.03,6.07,-7.16,2.57,-0.36,1.63,BicepCurl
2025-04-03 22:38:44.231995,6.29,5.49,-7.42,2.64,-0.29,1.59,BicepCurl
2025-04-03 22:38:44.264234,6.28,4.42,-7.87,2.65,-0.08,1.55,BicepCurl
2025-04-03 22:38:44.296611,5.71,3.57,-7.59,2.68,0.23,1.61,BicepCurl
2025-04-03 22:38:44.324356,5.22,3.28,-7.12,2.73,-0.11,1.53,BicepCurl
2025-04-03 22:38:44.355073,6.89,2.30,-8.23,2.75,0.31,1.44,BicepCurl
2025-04-03 22:38:44.391085,5.28,1.58,-6.54,2.64,0.68,1.52,BicepCurl
2025-04-03 22:38:44.417359,4.46,0.46,-6.07,2.57,-0.02,1.40,BicepCurl
2025-04-03 22:38:44.449754,5.82,-0.38,-7.16,2.54,0.01,1.36,BicepCurl
2025-04-03 22:38:44.482168,5.40,-1.76,-6.13,2.40,0.22,1.30,BicepCurl
2025-04-03 22:38:44.508933,5.13,-2.23,-5.64,2.23,0.21,1.20,BicepCurl
2025-04-03 22:38:44.539879,5.06,-3.35,-6.04,2.23,-0.01,1.15,BicepCurl
2025-04-03 22:38:44.571751,4.84,-4.45,-4.81,2.13,0.09,1.07,BicepCurl
2025-04-03 22:38:44.604532,3.66,-4.86,-5.28,2.07,-0.13,0.98,BicepCurl
2025-04-03 22:38:44.632043,3.36,-5.53,-3.17,2.04,-0.70,0.79,BicepCurl
2025-04-03 22:38:44.663284,5.03,-5.73,-1.80,1.69,-0.21,0.61,BicepCurl
2025-04-03 22:38:44.694013,5.18,-6.18,-2.07,1.20,0.75,0.58,BicepCurl
2025-04-03 22:38:44.726345,1.09,-6.61,0.96,0.64,0.20,0.36,BicepCurl
2025-04-03 22:38:44.757456,2.38,-6.40,-0.64,0.03,-0.11,-0.03,BicepCurl
2025-04-03 22:38:44.789643,2.51,-6.25,-1.48,-0.65,0.01,-0.60,BicepCurl
2025-04-03 22:38:44.816543,2.83,-6.24,-2.21,-0.95,-0.52,-0.75,BicepCurl
2025-04-03 22:38:44.852633,4.44,-5.86,-3.18,-1.24,-0.17,-0.82,BicepCurl
2025-04-03 22:38:44.879024,3.46,-5.85,-3.81,-1.50,0.32,-0.95,BicepCurl
2025-04-03 22:38:44.909617,2.92,-5.66,-2.70,-1.66,-0.27,-1.10,BicepCurl
2025-04-03 22:38:44.940329,4.42,-4.58,-4.15,-1.94,-0.72,-1.18,BicepCurl
2025-04-03 22:38:44.975082,5.43,-3.93,-4.40,-2.18,-0.00,-1.18,BicepCurl
2025-04-03 22:38:45.009177,4.36,-3.29,-3.85,-2.37,-0.19,-1.38,BicepCurl
2025-04-03 22:38:45.038663,5.80,-1.78,-7.41,-2.39,-0.90,-1.42,BicepCurl
2025-04-03 22:38:45.066229,6.84,-1.66,-6.59,-2.46,-0.13,-1.04,BicepCurl
2025-04-03 22:38:45.096738,5.43,-1.20,-7.09,-2.55,0.03,-1.30,BicepCurl
2025-04-03 22:38:45.132807,5.92,0.63,-8.54,-2.44,-0.31,-1.14,BicepCurl
2025-04-03 22:38:45.158625,5.61,1.28,-6.97,-2.41,-0.35,-1.18,BicepCurl
2025-04-03 22:38:45.186721,5.99,1.60,-6.95,-2.47,-0.34,-1.30,BicepCurl
2025-04-03 22:38:45.217100,5.60,2.55,-8.15,-2.63,0.44,-1.33,BicepCurl
2025-04-03 22:38:45.253444,5.29,4.65,-7.72,-2.41,-0.74,-1.19,BicepCurl
2025-04-03 22:38:45.280916,7.22,4.27,-8.78,-2.32,-0.20,-1.33,BicepCurl
2025-04-03 22:38:45.311380,6.01,4.85,-8.54,-2.30,0.63,-1.40,BicepCurl
2025-04-03 22:38:45.340885,5.59,6.02,-7.26,-2.10,-0.16,-1.26,BicepCurl
2025-04-03 22:38:45.371771,7.37,5.49,-7.35,-2.10,0.65,-1.27,BicepCurl
2025-04-03 22:38:45.402481,4.72,5.84,-5.51,-2.21,0.65,-1.36,BicepCurl
2025-04-03 22:38:45.434692,4.42,7.42,-4.85,-2.18,-0.22,-1.27,BicepCurl
2025-04-03 22:38:45.467400,5.77,7.80,-5.39,-2.24,0.09,-1.30,BicepCurl
2025-04-03 22:38:45.494550,4.78,8.61,-4.95,-2.37,0.86,-1.33,BicepCurl
2025-04-03 22:38:45.525659,3.39,9.10,-4.11,-2.29,0.29,-1.41,BicepCurl
2025-04-03 22:38:45.556294,5.23,9.75,-4.88,-2.22,0.24,-1.35,BicepCurl
2025-04-03 22:38:45.588093,4.85,9.93,-4.71,-2.11,0.69,-1.22,BicepCurl
2025-04-03 22:38:45.618005,4.14,9.73,-3.85,-1.84,0.56,-1.11,BicepCurl
2025-04-03 22:38:45.655916,4.78,9.42,-4.07,-1.52,0.44,-1.00,BicepCurl
2025-04-03 22:38:45.683502,4.77,8.92,-3.65,-0.98,0.60,-0.72,BicepCurl
2025-04-03 22:38:45.710496,4.57,8.77,-2.85,-0.62,0.56,-0.42,BicepCurl
2025-04-03 22:38:45.741927,4.25,8.91,-2.22,-0.26,0.13,-0.26,BicepCurl
2025-04-03 22:38:45.773281,4.67,8.94,-2.35,-0.06,0.11,-0.08,BicepCurl
2025-04-03 22:38:45.802681,3.82,9.14,-1.36,0.04,0.25,0.01,BicepCurl
2025-04-03 22:38:45.833736,3.07,9.26,-1.05,0.08,0.22,0.13,BicepCurl
2025-04-03 22:38:45.864208,2.37,9.22,-0.81,0.09,-0.05,0.18,BicepCurl
2025-04-03 22:38:45.895864,2.67,9.13,-0.87,0.09,-0.10,0.18,BicepCurl
2025-04-03 22:38:45.926005,2.23,9.38,-0.87,0.11,-0.01,0.16,BicepCurl
2025-04-03 22:38:45.956803,2.12,9.32,-0.68,0.13,-0.08,0.14,BicepCurl
2025-04-03 22:38:45.987502,2.19,9.20,-0.80,0.07,-0.11,0.10,BicepCurl
2025-04-03 22:38:46.018326,2.48,9.26,-0.92,0.08,-0.14,0.06,BicepCurl
2025-04-03 22:38:46.051484,2.72,9.05,-0.82,0.08,-0.08,0.04,BicepCurl
2025-04-03 22:38:46.079328,3.03,9.35,-0.93,0.02,0.03,0.02,BicepCurl
2025-04-03 22:38:46.110992,2.97,9.05,-0.92,-0.10,0.04,-0.04,BicepCurl
2025-04-03 22:38:46.141530,2.94,9.10,-0.91,-0.12,0.00,-0.01,BicepCurl
2025-04-03 22:38:46.174793,3.14,8.95,-1.22,-0.09,0.17,0.01,BicepCurl
2025-04-03 22:38:46.203502,2.83,9.10,-1.18,-0.03,0.14,0.03,BicepCurl
2025-04-03 22:38:46.233565,2.74,9.15,-1.10,0.01,0.00,0.08,BicepCurl
2025-04-03 22:38:46.266728,2.99,9.11,-1.10,-0.00,0.11,0.08,BicepCurl
2025-04-03 22:38:46.295610,2.73,9.08,-1.25,-0.00,0.13,0.05,BicepCurl
2025-04-03 22:38:46.325892,2.87,8.96,-1.46,0.04,-0.01,-0.00,BicepCurl
2025-04-03 22:38:46.356653,3.23,9.12,-1.62,0.11,0.06,0.03,BicepCurl
2025-04-03 22:38:46.389613,3.04,9.25,-1.68,0.22,0.14,0.07,BicepCurl
2025-04-03 22:38:46.419283,3.23,8.81,-1.55,0.34,-0.32,0.12,BicepCurl
2025-04-03 22:38:46.449193,4.15,8.76,-1.84,0.39,-0.20,0.18,BicepCurl
2025-04-03 22:38:46.482214,4.02,9.02,-2.15,0.54,-0.07,0.37,BicepCurl
2025-04-03 22:38:46.511058,4.24,8.87,-2.36,0.74,-0.47,0.58,BicepCurl
2025-04-03 22:38:46.543089,4.64,8.84,-3.09,0.91,-0.54,0.69,BicepCurl
2025-04-03 22:38:46.577903,4.35,8.60,-3.51,1.09,-0.55,0.82,BicepCurl
2025-04-03 22:38:46.603790,4.60,8.67,-3.98,1.21,-0.41,0.90,BicepCurl
2025-04-03 22:38:46.634220,4.42,8.59,-4.20,1.34,-0.52,0.95,BicepCurl
2025-04-03 22:38:46.668388,5.07,8.57,-4.51,1.47,-0.48,1.04,BicepCurl
2025-04-03 22:38:46.697462,5.58,8.55,-5.62,1.71,-0.20,1.18,BicepCurl
2025-04-03 22:38:46.742182,5.97,8.64,-5.53,1.96,-0.04,1.33,BicepCurl
2025-04-03 22:38:46.757423,6.61,8.07,-6.02,2.18,0.20,1.43,BicepCurl
2025-04-03 22:38:46.789398,6.39,7.39,-6.03,2.29,0.37,1.48,BicepCurl
2025-04-03 22:38:46.823056,5.94,7.15,-6.22,2.38,0.05,1.55,BicepCurl
2025-04-03 22:38:46.854219,7.00,6.46,-6.29,2.47,-0.33,1.69,BicepCurl
2025-04-03 22:38:46.886560,6.97,5.29,-6.87,2.44,0.07,1.64,BicepCurl
2025-04-03 22:38:46.911677,6.45,4.52,-6.34,2.41,0.15,1.70,BicepCurl
2025-04-03 22:38:46.942375,6.56,4.18,-6.79,2.37,0.18,1.65,BicepCurl
2025-04-03 22:38:46.975493,6.49,3.42,-6.97,2.41,0.04,1.59,BicepCurl
2025-04-03 22:38:47.004377,6.62,2.48,-7.13,2.41,0.38,1.47,BicepCurl
2025-04-03 22:38:47.034834,6.35,2.03,-6.81,2.33,0.49,1.48,BicepCurl
2025-04-03 22:38:47.065787,5.40,0.83,-5.98,2.24,0.23,1.42,BicepCurl
2025-04-03 22:38:47.096539,6.35,-0.43,-6.13,2.23,-0.01,1.45,BicepCurl
2025-04-03 22:38:47.127663,6.10,-1.25,-5.86,2.04,0.52,1.30,BicepCurl
2025-04-03 22:38:47.159641,4.27,-1.99,-5.13,1.89,-0.04,1.20,BicepCurl
2025-04-03 22:38:47.194101,6.34,-3.04,-5.67,1.86,-0.21,1.25,BicepCurl
2025-04-03 22:38:47.220089,6.39,-3.74,-6.06,1.83,0.16,1.15,BicepCurl
2025-04-03 22:38:47.251811,5.26,-4.10,-5.66,1.78,0.41,1.12,BicepCurl
2025-04-03 22:38:47.282727,5.06,-4.96,-4.70,1.85,-0.20,1.02,BicepCurl
2025-04-03 22:38:47.312605,5.36,-5.35,-4.46,1.84,-0.08,0.84,BicepCurl
2025-04-03 22:38:47.343398,4.20,-6.00,-2.88,1.63,0.29,0.67,BicepCurl
2025-04-03 22:38:47.374088,2.75,-5.92,-0.39,1.33,0.02,0.53,BicepCurl
2025-04-03 22:38:47.415099,3.22,-6.08,0.28,0.81,-0.15,0.32,BicepCurl
2025-04-03 22:38:47.436365,2.67,-6.26,0.34,-0.01,0.05,0.11,BicepCurl
2025-04-03 22:38:47.466710,3.04,-6.44,-1.26,-0.54,-0.12,-0.26,BicepCurl
2025-04-03 22:38:47.498791,3.57,-6.30,-2.50,-0.84,-0.38,-0.59,BicepCurl
2025-04-03 22:38:47.528400,4.38,-6.03,-1.68,-1.07,-0.57,-0.67,BicepCurl
2025-04-03 22:38:47.559964,4.64,-5.73,-3.47,-1.43,0.18,-0.89,BicepCurl
2025-04-03 22:38:47.589970,3.74,-4.92,-2.35,-1.69,0.04,-1.13,BicepCurl
2025-04-03 22:38:47.624315,4.42,-4.49,-2.35,-1.87,-0.42,-1.30,BicepCurl
2025-04-03 22:38:47.657840,5.74,-3.95,-5.00,-2.12,0.24,-1.36,BicepCurl
2025-04-03 22:38:47.682288,6.04,-2.16,-4.82,-2.31,0.52,-1.58,BicepCurl
2025-04-03 22:38:47.713422,6.10,-2.17,-5.34,-2.31,-0.10,-1.79,BicepCurl
2025-04-03 22:38:47.743443,6.95,-1.16,-6.44,-2.32,-0.06,-1.42,BicepCurl
2025-04-03 22:38:47.775639,7.71,-0.47,-6.50,-2.43,0.58,-1.48,BicepCurl
2025-04-03 22:38:47.805938,6.00,0.18,-7.08,-2.31,0.11,-1.61,BicepCurl
2025-04-03 22:38:47.837570,7.35,1.81,-7.08,-2.13,-1.04,-1.31,BicepCurl
2025-04-03 22:38:47.867476,7.85,1.52,-7.29,-2.18,-0.03,-1.40,BicepCurl
2025-04-03 22:38:47.898581,6.33,2.02,-8.01,-2.10,-0.36,-1.26,BicepCurl
2025-04-03 22:38:47.932113,6.30,2.75,-6.11,-2.03,-1.16,-1.27,BicepCurl
2025-04-03 22:38:47.964171,8.89,3.33,-9.26,-2.01,0.04,-1.37,BicepCurl
2025-04-03 22:38:47.991569,7.15,3.70,-7.44,-2.00,1.40,-1.47,BicepCurl
2025-04-03 22:38:48.021658,4.53,5.25,-4.47,-1.95,0.19,-1.47,BicepCurl
2025-04-03 22:38:48.052457,6.54,6.51,-6.23,-2.01,0.05,-1.60,BicepCurl
2025-04-03 22:38:48.083337,6.76,6.97,-5.32,-2.18,0.38,-1.69,BicepCurl
2025-04-03 22:38:48.113931,4.90,7.51,-4.41,-2.18,-0.15,-1.52,BicepCurl
2025-04-03 22:38:48.148867,6.40,8.39,-5.72,-1.95,-0.30,-1.58,BicepCurl
2025-04-03 22:38:48.178277,6.36,8.51,-4.80,-1.87,0.51,-1.52,BicepCurl
2025-04-03 22:38:48.206290,5.22,8.49,-3.87,-1.80,0.67,-1.48,BicepCurl
2025-04-03 22:38:48.241977,4.94,9.04,-3.39,-1.80,0.52,-1.54,BicepCurl
2025-04-03 22:38:48.271731,4.85,9.39,-2.83,-1.79,0.24,-1.51,BicepCurl
2025-04-03 22:38:48.298483,4.96,9.49,-2.97,-1.62,0.09,-1.21,BicepCurl
2025-04-03 22:38:48.334349,5.22,9.52,-3.02,-1.44,0.31,-1.15,BicepCurl
2025-04-03 22:38:48.360443,4.82,9.51,-2.59,-1.21,0.31,-0.96,BicepCurl
2025-04-03 22:38:48.391478,4.64,9.47,-2.49,-0.93,0.12,-0.68,BicepCurl
2025-04-03 22:38:48.421894,4.74,8.92,-2.12,-0.64,0.00,-0.50,BicepCurl
2025-04-03 22:38:48.456001,4.39,8.85,-2.00,-0.33,0.02,-0.24,BicepCurl
2025-04-03 22:38:48.483451,4.32,8.79,-1.77,-0.16,0.05,-0.08,BicepCurl
2025-04-03 22:38:48.514484,3.67,9.04,-1.27,-0.09,0.13,0.11,BicepCurl
2025-04-03 22:38:48.546013,3.31,9.29,-0.79,-0.03,-0.20,0.12,BicepCurl
2025-04-03 22:38:48.578334,3.59,9.32,-1.03,-0.02,0.01,0.12,BicepCurl
2025-04-03 22:38:48.606519,2.93,9.10,-0.85,0.05,0.05,0.18,BicepCurl
2025-04-03 22:38:48.641823,2.67,9.25,-0.65,0.11,-0.08,0.23,BicepCurl
2025-04-03 22:38:48.668467,2.88,9.15,-0.62,0.12,-0.08,0.16,BicepCurl
2025-04-03 22:38:48.699054,2.86,9.18,-0.72,0.09,0.01,0.16,BicepCurl
2025-04-03 22:38:48.730060,2.63,9.15,-0.65,0.12,-0.20,0.17,BicepCurl
2025-04-03 22:38:48.762628,2.76,9.10,-0.62,0.09,-0.15,0.11,BicepCurl
2025-04-03 22:38:48.791259,2.76,9.05,-0.72,0.05,-0.11,0.06,BicepCurl
2025-04-03 22:38:48.825477,2.83,8.90,-0.59,0.01,-0.15,0.04,BicepCurl
2025-04-03 22:38:48.853072,3.00,9.04,-0.89,-0.03,-0.13,0.01,BicepCurl
2025-04-03 22:38:48.886237,3.12,8.99,-0.85,-0.01,-0.07,-0.00,BicepCurl
2025-04-03 22:38:48.941927,3.07,8.99,-0.87,0.02,-0.04,-0.02,BicepCurl
2025-04-03 22:38:48.948923,2.94,9.01,-0.84,0.02,-0.11,0.04,BicepCurl
2025-04-03 22:38:48.975776,3.08,9.08,-0.72,0.01,-0.25,0.03,BicepCurl
2025-04-03 22:38:49.006021,3.59,9.02,-1.25,0.00,-0.07,0.00,BicepCurl
2025-04-03 22:38:49.036737,3.09,9.08,-1.03,0.03,0.03,0.03,BicepCurl
2025-04-03 22:38:49.070083,2.85,8.78,-0.85,0.08,-0.16,0.03,BicepCurl
2025-04-03 22:38:49.098484,3.59,8.92,-1.26,0.09,-0.06,0.02,BicepCurl
2025-04-03 22:38:49.130065,2.89,9.16,-0.90,0.07,0.15,0.02,BicepCurl
2025-04-03 22:38:49.162406,2.63,9.10,-0.62,0.07,-0.24,0.01,BicepCurl
2025-04-03 22:38:49.192852,3.63,8.65,-1.39,0.12,-0.24,0.05,BicepCurl
2025-04-03 22:38:49.223772,3.13,9.09,-1.59,0.17,-0.22,0.09,BicepCurl
2025-04-03 22:38:49.256519,3.12,9.08,-1.47,0.25,-0.54,0.21,BicepCurl
2025-04-03 22:38:49.283538,4.18,9.15,-2.10,0.33,-0.38,0.20,BicepCurl
2025-04-03 22:38:49.313683,3.85,9.22,-2.12,0.35,-0.04,0.20,BicepCurl
2025-04-03 22:38:49.351280,3.33,8.94,-1.49,0.37,-0.41,0.27,BicepCurl
2025-04-03 22:38:49.377381,4.44,8.82,-2.10,0.31,-0.33,0.27,BicepCurl
2025-04-03 22:38:49.406140,4.15,8.94,-2.49,0.32,-0.24,0.36,BicepCurl
2025-04-03 22:38:49.436846,4.16,9.06,-2.35,0.47,-0.41,0.56,BicepCurl
2025-04-03 22:38:49.468870,4.45,8.42,-3.17,0.65,-0.31,0.63,BicepCurl
2025-04-03 22:38:49.499651,5.14,8.59,-4.29,0.82,-0.09,0.74,BicepCurl
2025-04-03 22:38:49.530766,5.04,8.56,-3.94,0.97,-0.12,0.90,BicepCurl
2025-04-03 22:38:49.561956,5.54,8.22,-4.55,1.26,-0.41,1.08,BicepCurl
2025-04-03 22:38:49.591622,6.46,8.53,-5.65,1.53,-0.30,1.25,BicepCurl
2025-04-03 22:38:49.621817,6.90,8.61,-5.81,1.76,0.19,1.36,BicepCurl
2025-04-03 22:38:49.656632,6.38,7.81,-5.90,1.96,0.09,1.41,BicepCurl
2025-04-03 22:38:49.684163,6.63,7.59,-6.29,2.11,-0.27,1.76,BicepCurl
2025-04-03 22:38:49.714834,6.80,7.02,-6.34,2.29,-0.44,1.89,BicepCurl
2025-04-03 22:38:49.747104,7.16,6.58,-6.96,2.54,-0.55,1.94,BicepCurl
2025-04-03 22:38:49.778067,7.83,6.23,-7.93,2.80,-0.15,1.99,BicepCurl
2025-04-03 22:38:49.812040,8.52,5.69,-8.28,2.98,0.35,2.01,BicepCurl
2025-04-03 22:38:49.837968,8.86,5.17,-8.83,3.12,1.28,2.13,BicepCurl
2025-04-03 22:38:49.876211,6.62,3.96,-7.25,3.17,1.46,2.35,BicepCurl
2025-04-03 22:38:49.901858,6.36,2.08,-5.25,3.19,0.24,2.56,BicepCurl
2025-04-03 22:38:49.933150,6.98,0.99,-5.35,2.99,-0.06,2.60,BicepCurl
2025-04-03 22:38:49.960889,7.18,0.57,-5.78,2.81,0.45,2.67,BicepCurl
2025-04-03 22:38:49.991616,5.13,-0.77,-3.79,2.66,0.30,2.44,BicepCurl
2025-04-03 22:38:50.022455,5.48,-1.37,-4.30,2.51,0.33,2.26,BicepCurl
2025-04-03 22:38:50.054642,5.88,-2.28,-4.82,2.35,1.11,1.97,BicepCurl
2025-04-03 22:38:50.084112,4.18,-3.79,-3.90,2.24,0.74,1.75,BicepCurl
2025-04-03 22:38:50.114581,3.19,-4.56,-3.53,2.22,-0.19,1.68,BicepCurl
2025-04-03 22:38:50.145617,6.18,-5.77,-3.12,2.13,0.49,1.59,BicepCurl
2025-04-03 22:38:50.184807,2.01,-6.23,2.13,1.78,1.57,1.34,BicepCurl
2025-04-03 22:38:50.207073,-0.96,-6.16,3.82,0.85,0.07,0.91,BicepCurl
2025-04-03 22:38:50.237862,-1.12,-6.90,2.99,0.13,-0.82,0.20,BicepCurl
2025-04-03 22:38:50.271070,2.48,-7.15,0.99,-0.47,-0.26,-0.68,BicepCurl
2025-04-03 22:38:50.300842,2.49,-6.86,0.55,-0.93,-0.03,-1.31,BicepCurl
2025-04-03 22:38:50.330749,2.12,-6.33,1.18,-1.31,-0.54,-1.70,BicepCurl
2025-04-03 22:38:50.362454,5.28,-5.37,-2.55,-1.74,-0.54,-1.39,BicepCurl
2025-04-03 22:38:50.392722,5.52,-5.64,-2.28,-1.95,-0.20,-1.62,BicepCurl
2025-04-03 22:38:50.423732,4.74,-5.22,-1.81,-2.07,-0.51,-1.71,BicepCurl
2025-04-03 22:38:50.457515,5.22,-4.18,-3.38,-2.20,-0.80,-1.69,BicepCurl
2025-04-03 22:38:50.486046,5.20,-3.43,-2.32,-2.53,-0.32,-1.79,BicepCurl
2025-04-03 22:38:50.515805,3.94,-2.60,-2.09,-2.74,-1.22,-2.07,BicepCurl
2025-04-03 22:38:50.546638,7.05,-0.79,-5.29,-2.92,-1.19,-2.13,BicepCurl
2025-04-03 22:38:50.578301,5.84,0.52,-5.75,-3.16,-0.71,-1.88,BicepCurl
2025-04-03 22:38:50.612900,7.42,2.69,-10.04,-2.91,-1.07,-1.90,BicepCurl
2025-04-03 22:38:50.641315,7.93,2.01,-7.07,-2.73,-0.55,-1.44,BicepCurl
2025-04-03 22:38:50.673875,7.74,2.36,-8.12,-2.92,0.01,-1.57,BicepCurl
2025-04-03 22:38:50.700669,5.82,3.28,-9.27,-2.62,-0.43,-1.37,BicepCurl
2025-04-03 22:38:50.731351,7.74,3.95,-7.50,-2.45,-0.62,-1.40,BicepCurl
2025-04-03 22:38:50.764420,6.01,3.90,-6.65,-2.56,0.60,-1.61,BicepCurl
2025-04-03 22:38:50.793025,3.55,4.71,-6.31,-2.33,-0.90,-1.79,BicepCurl
2025-04-03 22:38:50.824211,6.97,6.26,-7.63,-2.25,-0.91,-1.39,BicepCurl
2025-04-03 22:38:50.856617,7.23,6.98,-6.82,-2.35,0.81,-1.42,BicepCurl
2025-04-03 22:38:50.885415,5.35,7.54,-5.78,-2.37,0.95,-1.61,BicepCurl
2025-04-03 22:38:50.916427,4.32,8.15,-4.41,-2.30,0.19,-1.53,BicepCurl
2025-04-03 22:38:50.947459,6.25,9.42,-4.96,-2.27,0.29,-1.65,BicepCurl
2025-04-03 22:38:50.980782,5.17,9.51,-4.16,-2.17,0.90,-1.41,BicepCurl
2025-04-03 22:38:51.009341,4.75,9.65,-3.70,-1.98,0.77,-1.42,BicepCurl
2025-04-03 22:38:51.039845,4.82,9.60,-3.49,-1.74,0.49,-1.31,BicepCurl
2025-04-03 22:38:51.072723,4.85,9.00,-3.64,-1.26,0.13,-0.89,BicepCurl
2025-04-03 22:38:51.109430,5.18,8.86,-3.57,-0.80,-0.10,-0.62,BicepCurl
2025-04-03 22:38:51.131783,5.08,8.92,-3.41,-0.42,-0.27,-0.30,BicepCurl
2025-04-03 22:38:51.163874,5.21,8.83,-2.63,-0.14,-0.39,-0.07,BicepCurl
2025-04-03 22:38:51.194384,5.86,8.57,-2.59,-0.10,0.08,0.12,BicepCurl
2025-04-03 22:38:51.231389,4.46,8.89,-2.28,-0.16,0.34,0.09,BicepCurl
2025-04-03 22:38:51.255094,3.60,8.70,-1.66,-0.16,0.01,0.20,BicepCurl
2025-04-03 22:38:51.288299,3.72,8.98,-1.75,-0.10,-0.12,0.24,BicepCurl
2025-04-03 22:38:51.316922,3.39,8.94,-1.80,-0.05,-0.03,0.21,BicepCurl
2025-04-03 22:38:51.350935,2.84,9.12,-1.47,-0.01,-0.04,0.17,BicepCurl
2025-04-03 22:38:51.380785,2.62,9.02,-1.33,-0.01,-0.17,0.16,BicepCurl
2025-04-03 22:38:51.415128,2.78,8.82,-1.21,-0.03,-0.13,0.09,BicepCurl
2025-04-03 22:38:51.439967,2.79,8.78,-1.36,-0.03,-0.04,0.07,BicepCurl
2025-04-03 22:38:51.470831,2.78,8.96,-1.22,-0.03,-0.16,0.05,BicepCurl
2025-04-03 22:38:51.501830,3.12,8.91,-1.38,-0.04,-0.19,0.01,BicepCurl
2025-04-03 22:38:51.538063,3.64,8.74,-1.62,0.00,-0.01,-0.07,BicepCurl
2025-04-03 22:38:51.562754,3.62,8.89,-1.57,0.04,0.11,-0.07,BicepCurl
2025-04-03 22:38:51.594841,3.39,8.78,-1.20,0.02,0.12,-0.04,BicepCurl
2025-04-03 22:38:51.624696,3.49,9.04,-1.26,0.01,-0.06,-0.08,BicepCurl
2025-04-03 22:38:51.656051,3.69,9.13,-1.33,-0.04,-0.01,-0.06,BicepCurl
2025-04-03 22:38:51.686259,3.53,8.85,-1.38,-0.06,-0.10,-0.01,BicepCurl
2025-04-03 22:38:51.720182,3.51,8.81,-1.51,-0.06,0.02,0.01,BicepCurl
2025-04-03 22:38:51.747446,3.51,8.77,-1.60,-0.01,0.03,0.03,BicepCurl
2025-04-03 22:38:51.778303,3.40,8.84,-1.82,0.03,0.03,0.06,BicepCurl
2025-04-03 22:38:51.809260,3.23,8.94,-1.88,0.12,-0.19,0.14,BicepCurl
2025-04-03 22:38:51.839824,3.64,8.86,-1.91,0.20,-0.24,0.19,BicepCurl
2025-04-03 22:38:51.870729,3.73,8.73,-2.10,0.27,-0.21,0.17,BicepCurl
2025-04-03 22:38:51.902489,3.69,8.49,-2.29,0.34,-0.21,0.21,BicepCurl
2025-04-03 22:38:51.932334,4.05,8.63,-2.50,0.41,-0.30,0.25,BicepCurl
2025-04-03 22:38:51.963410,3.87,8.68,-2.68,0.55,-0.42,0.29,BicepCurl
2025-04-03 22:38:51.995926,4.54,8.75,-3.23,0.68,-0.41,0.39,BicepCurl
2025-04-03 22:38:52.027889,4.62,8.45,-3.94,0.85,-0.48,0.49,BicepCurl
2025-04-03 22:38:52.055664,4.94,8.39,-4.53,1.11,-0.61,0.64,BicepCurl
2025-04-03 22:38:52.086243,5.85,8.37,-4.92,1.35,-0.30,0.76,BicepCurl
2025-04-03 22:38:52.117164,5.43,8.30,-5.24,1.66,-0.36,0.89,BicepCurl
2025-04-03 22:38:52.148703,5.84,8.45,-5.77,1.89,-0.50,1.11,BicepCurl
2025-04-03 22:38:52.179273,6.56,8.23,-6.46,2.14,-0.37,1.28,BicepCurl
2025-04-03 22:38:52.210470,6.74,7.80,-7.16,2.40,-0.22,1.40,BicepCurl
2025-04-03 22:38:52.244122,6.35,7.59,-7.10,2.59,-0.13,1.50,BicepCurl
2025-04-03 22:38:52.274034,6.58,6.78,-7.20,2.75,-0.19,1.65,BicepCurl
2025-04-03 22:38:52.301874,6.50,6.48,-7.60,2.88,-0.13,1.78,BicepCurl
2025-04-03 22:38:52.338928,6.13,5.85,-7.62,3.03,-0.34,1.80,BicepCurl
2025-04-03 22:38:52.366923,7.72,4.76,-8.80,3.11,0.09,1.84,BicepCurl
2025-04-03 22:38:52.411252,6.40,4.01,-7.24,3.05,0.85,1.93,BicepCurl
2025-04-03 22:38:52.437217,5.64,2.42,-6.41,2.93,0.21,1.94,BicepCurl
2025-04-03 22:38:52.455769,6.22,1.62,-7.05,2.76,0.14,1.94,BicepCurl
2025-04-03 22:38:52.496657,5.74,0.79,-6.51,2.64,0.10,1.90,BicepCurl
2025-04-03 22:38:52.518525,5.98,-0.72,-6.39,2.63,-0.34,1.87,BicepCurl
2025-04-03 22:38:52.558383,6.67,-1.38,-7.14,2.56,0.32,1.78,BicepCurl
2025-04-03 22:38:52.582132,5.02,-2.18,-5.57,2.46,0.46,1.75,BicepCurl
2025-04-03 22:38:52.609876,3.75,-3.49,-6.14,2.46,-0.53,1.71,BicepCurl
2025-04-03 22:38:52.642149,4.55,-4.18,-5.97,2.47,-0.75,1.74,BicepCurl
2025-04-03 22:38:52.674521,5.25,-4.84,-4.74,2.46,-0.15,1.51,BicepCurl
2025-04-03 22:38:52.702487,4.41,-5.52,-2.97,2.25,1.17,1.53,BicepCurl
2025-04-03 22:38:52.733117,2.22,-6.33,-1.32,1.95,1.07,1.25,BicepCurl
2025-04-03 22:38:52.763744,0.08,-7.06,0.66,1.63,0.39,0.84,BicepCurl
2025-04-03 22:38:52.796553,-0.07,-7.74,1.09,1.16,0.43,0.81,BicepCurl
2025-04-03 22:38:52.825348,-0.82,-7.39,1.34,0.55,0.13,-0.01,BicepCurl
2025-04-03 22:38:52.860022,1.02,-7.19,0.15,-0.21,-0.19,-0.55,BicepCurl
2025-04-03 22:38:52.886816,2.30,-6.89,-1.06,-0.66,-0.50,-0.69,BicepCurl
2025-04-03 22:38:52.919693,2.94,-7.17,-1.19,-0.97,-0.73,-0.58,BicepCurl
2025-04-03 22:38:52.953137,3.93,-7.39,-1.36,-1.33,-0.16,-0.93,BicepCurl
2025-04-03 22:38:52.981287,2.87,-6.97,-2.06,-1.65,0.37,-1.20,BicepCurl
2025-04-03 22:38:53.012319,1.99,-6.84,-1.44,-1.93,-0.24,-1.35,BicepCurl
2025-04-03 22:38:53.040818,4.32,-5.66,-1.89,-2.25,-0.07,-1.74,BicepCurl
2025-04-03 22:38:53.072235,3.39,-4.09,-2.55,-2.65,0.47,-1.94,BicepCurl
2025-04-03 22:38:53.110433,3.02,-2.88,-2.74,-2.83,-0.62,-1.75,BicepCurl
2025-04-03 22:38:53.159436,5.95,-2.14,-5.75,-3.04,-0.89,-1.73,BicepCurl
2025-04-03 22:38:53.169767,7.64,-1.50,-8.71,-2.86,0.31,-1.17,BicepCurl
2025-04-03 22:38:53.296235,5.95,-1.05,-6.11,-2.82,0.70,-1.45,BicepCurl
2025-04-03 22:38:53.316018,8.18,2.70,-8.78,-2.76,0.84,-2.00,BicepCurl
2025-04-03 22:38:53.377490,4.85,4.91,-7.45,-2.56,-0.27,-1.81,BicepCurl
2025-04-03 22:38:53.382132,8.68,4.82,-7.76,-2.42,-0.69,-1.51,BicepCurl
2025-04-03 22:38:53.408878,8.45,4.63,-8.54,-2.50,0.93,-1.38,BicepCurl
2025-04-03 22:38:53.441553,5.01,5.23,-6.05,-2.46,1.36,-1.42,BicepCurl
2025-04-03 22:38:53.473224,7.01,6.50,-5.22,-2.32,-0.30,-1.85,BicepCurl
2025-04-03 22:38:53.507184,8.18,6.87,-6.10,-2.35,0.59,-1.71,BicepCurl
2025-04-03 22:38:53.531695,5.21,7.63,-5.24,-2.31,0.80,-1.84,BicepCurl
2025-04-03 22:38:53.563527,5.95,8.66,-4.90,-2.17,-0.20,-1.75,BicepCurl
2025-04-03 22:38:53.596056,7.07,9.04,-5.53,-2.01,0.35,-1.40,BicepCurl
2025-04-03 22:38:53.630908,5.90,9.04,-5.33,-1.82,0.79,-1.30,BicepCurl
2025-04-03 22:38:53.657937,5.14,8.90,-4.06,-1.59,0.86,-1.20,BicepCurl
2025-04-03 22:38:53.685829,4.62,9.06,-3.68,-1.36,0.51,-1.01,BicepCurl
2025-04-03 22:38:53.718321,5.38,9.23,-3.07,-1.11,0.20,-0.75,BicepCurl
2025-04-03 22:38:53.752813,5.31,8.60,-2.98,-0.82,0.55,-0.45,BicepCurl
2025-04-03 22:38:53.786540,4.82,8.38,-2.50,-0.60,0.43,-0.37,BicepCurl
2025-04-03 22:38:53.811897,5.01,8.92,-1.81,-0.54,0.39,-0.26,BicepCurl
2025-04-03 22:38:53.840817,3.98,8.81,-1.57,-0.41,0.05,-0.06,BicepCurl
2025-04-03 22:38:53.871326,4.03,8.79,-1.79,-0.15,-0.42,0.02,BicepCurl
2025-04-03 22:38:53.904583,4.35,8.70,-1.46,0.06,-0.18,0.18,BicepCurl
2025-04-03 22:38:53.934088,3.98,8.96,-1.67,0.10,0.10,0.16,BicepCurl
2025-04-03 22:38:53.966257,3.47,9.02,-1.28,0.05,0.09,0.23,BicepCurl
2025-04-03 22:38:53.999551,2.67,8.80,-0.65,0.02,-0.24,0.22,BicepCurl
2025-04-03 22:38:54.033422,3.37,8.77,-1.42,0.07,-0.36,0.23,BicepCurl
2025-04-03 22:38:54.055373,3.27,8.95,-1.33,0.11,-0.12,0.05,BicepCurl
2025-04-03 22:38:54.087141,3.22,8.95,-1.04,0.10,0.02,0.03,BicepCurl
2025-04-03 22:38:54.116965,2.83,8.85,-0.79,0.06,-0.11,-0.01,BicepCurl
2025-04-03 22:38:54.155251,3.50,8.81,-1.21,0.01,-0.17,-0.12,BicepCurl
2025-04-03 22:38:54.179063,3.57,8.77,-1.23,0.00,-0.05,-0.08,BicepCurl
2025-04-03 22:38:54.210489,3.70,8.85,-1.19,0.05,-0.04,-0.06,BicepCurl
2025-04-03 22:38:54.244027,3.79,8.86,-1.43,0.04,0.03,-0.06,BicepCurl
2025-04-03 22:38:54.274025,3.71,8.77,-1.32,0.06,-0.06,0.02,BicepCurl
2025-04-03 22:38:54.301269,4.16,8.78,-1.55,0.11,-0.08,0.06,BicepCurl
2025-04-03 22:38:54.331955,3.88,8.83,-1.79,0.18,0.08,0.12,BicepCurl
2025-04-03 22:38:54.362898,3.58,8.91,-1.74,0.27,-0.22,0.25,BicepCurl
2025-04-03 22:38:54.394816,4.16,8.74,-2.13,0.38,-0.39,0.28,BicepCurl
2025-04-03 22:38:54.424353,4.30,8.53,-2.59,0.52,-0.45,0.33,BicepCurl
2025-04-03 22:38:54.463878,4.25,8.41,-2.77,0.66,-0.71,0.43,BicepCurl
2025-04-03 22:38:54.489918,5.18,8.50,-3.57,0.83,-0.64,0.50,BicepCurl
2025-04-03 22:38:54.517316,5.16,8.35,-3.78,0.98,-0.34,0.58,BicepCurl
2025-04-03 22:38:54.548779,4.83,8.30,-3.85,1.17,-0.34,0.70,BicepCurl
2025-04-03 22:38:54.599957,5.05,8.40,-4.23,1.32,-0.39,0.80,BicepCurl
2025-04-03 22:38:54.609214,5.46,8.20,-4.79,1.43,-0.41,0.86,BicepCurl
2025-04-03 22:38:54.640112,5.44,8.06,-5.05,1.64,-0.47,0.93,BicepCurl
2025-04-03 22:38:54.670383,5.91,7.76,-5.27,1.79,-0.33,1.01,BicepCurl
2025-04-03 22:38:54.702067,6.28,7.59,-6.34,1.94,-0.01,1.07,BicepCurl
2025-04-03 22:38:54.732027,6.22,7.64,-6.32,2.14,-0.09,1.21,BicepCurl
2025-04-03 22:38:54.769357,6.55,7.14,-6.69,2.35,-0.21,1.38,BicepCurl
2025-04-03 22:38:54.798689,6.80,5.88,-7.41,2.49,-0.08,1.42,BicepCurl
2025-04-03 22:38:54.828619,6.15,5.04,-6.97,2.57,-0.11,1.49,BicepCurl
2025-04-03 22:38:54.859581,6.38,4.58,-7.15,2.63,-0.39,1.54,BicepCurl
2025-04-03 22:38:54.887172,7.07,3.62,-8.12,2.66,-0.13,1.60,BicepCurl
2025-04-03 22:38:54.918908,6.01,2.97,-7.43,2.63,0.20,1.68,BicepCurl
2025-04-03 22:38:54.948990,6.00,2.50,-7.48,2.64,-0.13,1.71,BicepCurl
2025-04-03 22:38:54.981894,6.72,1.36,-7.79,2.67,0.03,1.69,BicepCurl
2025-04-03 22:38:55.054972,5.99,0.34,-7.32,2.64,0.61,1.66,BicepCurl
2025-04-03 22:38:55.063648,4.87,-0.05,-7.06,2.65,0.32,1.57,BicepCurl
2025-04-03 22:38:55.073796,6.59,-1.34,-7.44,2.72,0.17,1.61,BicepCurl
2025-04-03 22:38:55.104083,5.61,-1.91,-5.77,2.60,0.68,1.47,BicepCurl
2025-04-03 22:38:55.132492,5.44,-2.34,-6.00,2.50,0.46,1.59,BicepCurl
2025-04-03 22:38:55.163538,5.02,-3.57,-4.50,2.34,0.60,1.56,BicepCurl
2025-04-03 22:38:55.203823,4.08,-4.31,-4.45,2.23,0.25,1.35,BicepCurl
2025-04-03 22:38:55.225131,4.86,-4.76,-5.10,2.20,0.63,1.16,BicepCurl
2025-04-03 22:38:55.257910,3.95,-5.60,-4.07,2.18,0.70,0.97,BicepCurl
2025-04-03 22:38:55.288838,3.91,-6.41,-3.33,2.17,0.06,0.93,BicepCurl
2025-04-03 22:38:55.317393,4.79,-6.50,-2.32,2.02,0.24,1.02,BicepCurl
2025-04-03 22:38:55.347990,2.49,-7.44,-0.18,1.78,0.07,0.97,BicepCurl
2025-04-03 22:38:55.383360,1.29,-7.17,3.35,1.17,-0.80,0.72,BicepCurl
2025-04-03 22:38:55.420409,1.68,-7.57,3.41,0.47,-0.34,0.10,BicepCurl
2025-04-03 22:38:55.440165,1.03,-7.48,3.03,-0.23,-0.13,-0.49,BicepCurl
2025-04-03 22:38:55.474701,2.77,-7.03,0.53,-0.73,-0.48,-0.95,BicepCurl
2025-04-03 22:38:55.501749,3.84,-7.17,-0.30,-1.03,-0.46,-1.03,BicepCurl
2025-04-03 22:38:55.541333,4.34,-7.23,-0.45,-1.47,0.32,-1.33,BicepCurl
2025-04-03 22:38:55.566998,3.15,-6.56,-1.38,-1.73,0.49,-1.52,BicepCurl
2025-04-03 22:38:55.595885,3.72,-5.98,-0.71,-2.00,0.21,-1.59,BicepCurl
2025-04-03 22:38:55.633388,3.63,-5.41,-1.36,-2.25,-0.36,-1.89,BicepCurl
2025-04-03 22:38:55.655830,6.33,-4.27,-3.29,-2.39,-0.55,-1.78,BicepCurl
2025-04-03 22:38:55.686372,5.45,-3.81,-3.78,-2.64,0.07,-1.83,BicepCurl
2025-04-03 22:38:55.719517,5.90,-3.26,-5.19,-2.53,0.15,-1.78,BicepCurl
2025-04-03 22:38:55.759858,8.08,-2.64,-5.36,-2.59,1.50,-1.82,BicepCurl
2025-04-03 22:38:55.781426,4.52,-0.61,-4.63,-2.48,0.38,-2.08,BicepCurl
2025-04-03 22:38:55.809904,6.96,0.60,-5.46,-2.44,-0.95,-1.65,BicepCurl
2025-04-03 22:38:55.841144,9.16,0.23,-5.97,-2.59,0.32,-1.96,BicepCurl
2025-04-03 22:38:55.873388,5.94,2.30,-5.20,-2.59,-0.41,-2.02,BicepCurl
2025-04-03 22:38:55.903159,7.12,3.13,-6.11,-2.56,-1.17,-1.82,BicepCurl
2025-04-03 22:38:55.932871,8.39,3.61,-6.82,-2.63,-0.55,-1.85,BicepCurl
2025-04-03 22:38:55.963752,7.40,5.05,-6.33,-2.60,-0.60,-1.74,BicepCurl
2025-04-03 22:38:55.998616,7.58,5.27,-6.02,-2.62,-0.48,-1.56,BicepCurl
2025-04-03 22:38:56.025323,7.43,5.98,-6.97,-2.58,-0.16,-1.29,BicepCurl
2025-04-03 22:38:56.056274,6.81,6.95,-6.18,-2.34,-0.64,-1.78,BicepCurl
2025-04-03 22:38:56.088394,7.88,7.10,-6.75,-2.26,-0.01,-1.68,BicepCurl
2025-04-03 22:38:56.125452,5.09,7.11,-5.89,-2.04,-0.14,-1.77,BicepCurl
2025-04-03 22:38:56.148108,6.54,8.03,-6.06,-1.78,-0.99,-1.47,BicepCurl
2025-04-03 22:38:56.179802,6.29,7.72,-5.88,-1.70,-0.28,-1.00,BicepCurl
2025-04-03 22:38:56.210410,5.84,7.76,-5.66,-1.52,-0.08,-0.95,BicepCurl
2025-04-03 22:38:56.241455,5.27,7.71,-4.47,-1.48,0.29,-0.95,BicepCurl
2025-04-03 22:38:56.276996,4.49,8.27,-3.04,-1.55,0.39,-0.99,BicepCurl
2025-04-03 22:38:56.305724,4.70,8.79,-2.93,-1.59,0.43,-0.97,BicepCurl
2025-04-03 22:38:56.333637,4.16,9.29,-3.14,-1.47,0.53,-0.82,BicepCurl
2025-04-03 22:38:56.365111,4.54,9.03,-2.75,-1.14,0.31,-0.66,BicepCurl
2025-04-03 22:38:56.397803,4.63,8.90,-2.36,-0.73,0.30,-0.45,BicepCurl
2025-04-03 22:38:56.427522,4.53,8.50,-2.53,-0.40,0.21,-0.33,BicepCurl
2025-04-03 22:38:56.456929,4.55,8.82,-2.03,-0.18,0.11,-0.22,BicepCurl
2025-04-03 22:38:56.487776,4.30,8.80,-1.77,-0.10,-0.07,-0.11,BicepCurl
2025-04-03 22:38:56.519213,4.50,8.94,-1.92,-0.02,-0.13,-0.04,BicepCurl
2025-04-03 22:38:56.550156,3.77,9.08,-1.49,0.05,0.12,0.06,BicepCurl
2025-04-03 22:38:56.580539,3.47,9.00,-1.35,0.10,-0.09,0.19,BicepCurl
2025-04-03 22:38:56.613129,3.58,8.89,-1.44,0.14,-0.20,0.26,BicepCurl
2025-04-03 22:38:56.643551,3.36,8.76,-1.24,0.11,-0.01,0.12,BicepCurl
2025-04-03 22:38:56.672650,3.13,8.83,-1.11,0.08,-0.08,-0.04,BicepCurl
2025-04-03 22:38:56.705202,3.39,8.95,-1.15,0.04,0.03,0.04,BicepCurl
2025-04-03 22:38:56.738918,3.17,9.01,-0.96,-0.02,0.06,-0.09,BicepCurl
2025-04-03 22:38:56.764793,3.21,8.94,-1.18,-0.05,0.04,-0.09,BicepCurl
2025-04-03 22:38:56.795539,3.15,8.94,-1.00,-0.05,0.01,-0.03,BicepCurl
2025-04-03 22:38:56.826588,3.55,8.78,-1.18,-0.04,0.01,-0.04,BicepCurl
2025-04-03 22:38:56.857109,3.34,8.98,-1.33,-0.03,0.08,-0.01,BicepCurl
2025-04-03 22:38:56.889018,3.30,8.87,-1.36,-0.04,-0.06,0.02,BicepCurl
2025-04-03 22:38:56.919736,3.55,8.83,-1.26,-0.04,-0.07,-0.01,BicepCurl
2025-04-03 22:38:56.954588,3.88,8.71,-1.62,-0.03,0.12,0.05,BicepCurl
2025-04-03 22:38:56.981499,3.38,8.68,-1.41,0.03,0.02,0.08,BicepCurl
2025-04-03 22:38:57.011711,3.63,8.93,-1.45,0.06,-0.14,0.11,BicepCurl
2025-04-03 22:38:57.045463,3.97,8.77,-1.88,0.09,-0.18,0.10,BicepCurl
2025-04-03 22:38:57.072543,4.09,8.70,-2.15,0.16,-0.04,0.11,BicepCurl
2025-04-03 22:38:57.103490,3.89,8.85,-2.16,0.30,-0.17,0.23,BicepCurl
2025-04-03 22:38:57.151527,4.31,8.55,-2.51,0.51,-0.38,0.33,BicepCurl
2025-04-03 22:38:57.164946,5.04,8.61,-3.20,0.67,-0.03,0.41,BicepCurl
2025-04-03 22:38:57.196926,4.71,8.74,-3.13,0.87,0.12,0.60,BicepCurl
2025-04-03 22:38:57.227113,4.98,8.52,-3.35,1.03,-0.19,0.70,BicepCurl
2025-04-03 22:38:57.261037,5.65,8.64,-4.02,1.17,-0.04,0.72,BicepCurl
2025-04-03 22:38:57.288672,4.77,8.47,-3.45,1.34,-0.21,0.95,BicepCurl
2025-04-03 22:38:57.321720,5.85,8.39,-4.62,1.52,-0.72,1.02,BicepCurl
2025-04-03 22:38:57.353002,6.75,8.15,-5.38,1.69,-0.17,1.13,BicepCurl
2025-04-03 22:38:57.384670,6.07,8.05,-5.38,1.86,0.27,1.29,BicepCurl
2025-04-03 22:38:57.421997,6.30,7.51,-5.42,2.02,0.02,1.37,BicepCurl
2025-04-03 22:38:57.446908,6.46,7.31,-5.60,2.10,-0.04,1.50,BicepCurl
2025-04-03 22:38:57.473858,6.47,6.68,-5.96,2.20,-0.23,1.61,BicepCurl
2025-04-03 22:38:57.504224,6.81,5.88,-6.33,2.30,-0.43,1.63,BicepCurl
2025-04-03 22:38:57.535977,7.72,5.14,-7.10,2.36,-0.09,1.71,BicepCurl
2025-04-03 22:38:57.565853,6.92,4.77,-6.18,2.36,0.16,1.66,BicepCurl
2025-04-03 22:38:57.598368,6.72,3.83,-6.47,2.37,-0.13,1.69,BicepCurl
2025-04-03 22:38:57.627695,7.24,3.01,-7.07,2.36,0.12,1.68,BicepCurl
2025-04-03 22:38:57.661717,6.94,2.57,-6.81,2.34,0.26,1.65,BicepCurl
2025-04-03 22:38:57.690703,6.34,1.23,-6.53,2.36,-0.11,1.59,BicepCurl
2025-04-03 22:38:57.727513,7.02,0.61,-6.94,2.33,0.28,1.53,BicepCurl
2025-04-03 22:38:57.757250,6.22,-0.06,-6.27,2.25,0.22,1.48,BicepCurl
2025-04-03 22:38:57.785229,6.21,-1.06,-5.76,2.18,0.05,1.48,BicepCurl
2025-04-03 22:38:57.816828,5.67,-2.17,-5.72,2.11,0.35,1.31,BicepCurl
2025-04-03 22:38:57.843668,4.71,-2.56,-5.39,2.04,-0.02,1.16,BicepCurl
2025-04-03 22:38:57.878720,6.31,-3.42,-5.45,2.07,-0.09,1.06,BicepCurl
2025-04-03 22:38:57.907159,7.28,-4.10,-5.87,2.01,0.96,1.07,BicepCurl
2025-04-03 22:38:57.947430,5.87,-4.47,-4.51,1.89,1.40,1.11,BicepCurl
2025-04-03 22:38:57.967425,2.46,-5.08,-2.47,1.86,-0.05,1.13,BicepCurl
2025-04-03 22:38:57.999412,6.18,-6.04,-3.89,1.69,-0.50,0.92,BicepCurl
2025-04-03 22:38:58.030024,6.18,-6.13,-4.11,1.60,0.25,0.71,BicepCurl
2025-04-03 22:38:58.062713,2.38,-6.29,-2.16,1.59,-0.64,0.72,BicepCurl
2025-04-03 22:38:58.089762,4.04,-6.93,-0.76,1.46,-1.53,0.44,BicepCurl
2025-04-03 22:38:58.120490,5.75,-7.02,-0.76,1.03,-0.50,0.11,BicepCurl
2025-04-03 22:38:58.151336,3.28,-7.29,0.42,0.42,0.22,0.12,BicepCurl
2025-04-03 22:38:58.183535,3.17,-7.92,1.22,0.08,-0.40,-0.12,BicepCurl
2025-04-03 22:38:58.212809,5.06,-7.59,-0.36,-0.30,0.07,-0.43,BicepCurl
2025-04-03 22:38:58.247007,4.45,-7.35,-0.28,-0.66,0.43,-0.59,BicepCurl
2025-04-03 22:38:58.275001,3.07,-7.10,0.44,-1.02,-0.02,-0.61,BicepCurl
2025-04-03 22:38:58.306526,4.81,-6.23,-1.70,-1.43,-0.15,-0.92,BicepCurl
2025-04-03 22:38:58.337109,5.08,-6.26,-2.23,-1.69,0.36,-1.23,BicepCurl
2025-04-03 22:38:58.369593,3.37,-5.40,-1.05,-1.88,-0.16,-1.35,BicepCurl
2025-04-03 22:38:58.397697,5.45,-4.76,-3.57,-2.08,-0.33,-1.43,BicepCurl
2025-04-03 22:38:58.431380,5.07,-4.19,-2.44,-2.32,0.04,-1.61,BicepCurl
2025-04-03 22:38:58.463161,4.35,-2.84,-4.37,-2.47,-0.79,-1.89,BicepCurl
2025-04-03 22:38:58.490822,7.55,-1.13,-6.70,-2.49,-0.98,-1.63,BicepCurl
2025-04-03 22:38:58.521119,7.60,-1.65,-5.37,-2.61,-0.53,-1.47,BicepCurl
2025-04-03 22:38:58.552684,6.97,-0.44,-7.71,-2.58,-0.09,-1.55,BicepCurl
2025-04-03 22:38:58.583631,6.25,0.90,-5.79,-2.54,-0.51,-1.40,BicepCurl
2025-04-03 22:38:58.613497,6.68,1.06,-5.66,-2.72,-0.32,-1.54,BicepCurl
2025-04-03 22:38:58.644654,6.15,2.26,-7.65,-2.76,0.08,-1.64,BicepCurl
2025-04-03 22:38:58.677304,5.92,4.11,-5.97,-2.69,-0.76,-1.55,BicepCurl
2025-04-03 22:38:58.706007,7.42,4.46,-6.42,-2.78,-0.50,-1.60,BicepCurl
2025-04-03 22:38:58.736922,6.05,5.41,-7.53,-2.77,-0.12,-1.67,BicepCurl
2025-04-03 22:38:58.770253,6.66,6.17,-5.83,-2.78,-0.29,-1.62,BicepCurl
2025-04-03 22:38:58.801001,7.52,6.35,-6.55,-2.96,1.06,-1.81,BicepCurl
2025-04-03 22:38:58.829503,4.12,8.05,-5.61,-2.89,0.66,-1.99,BicepCurl
2025-04-03 22:38:58.860724,5.82,9.75,-4.80,-2.68,-0.82,-1.85,BicepCurl
2025-04-03 22:38:58.893307,6.81,9.45,-6.31,-2.67,0.53,-1.71,BicepCurl
2025-04-03 22:38:58.922018,5.05,9.24,-4.92,-2.47,0.60,-1.73,BicepCurl
2025-04-03 22:38:58.955855,5.42,9.40,-4.31,-2.30,0.53,-1.67,BicepCurl
2025-04-03 22:38:58.983643,5.87,9.77,-4.59,-2.00,0.44,-1.52,BicepCurl
2025-04-03 22:38:59.014281,5.50,9.78,-4.50,-1.34,0.22,-0.95,BicepCurl
2025-04-03 22:38:59.045244,4.78,8.86,-3.29,-0.83,-0.33,-0.73,BicepCurl
2025-04-03 22:38:59.077652,6.88,8.60,-3.33,-0.52,-0.08,-0.65,BicepCurl
2025-04-03 22:38:59.106736,6.30,8.72,-3.09,-0.55,0.71,-0.40,BicepCurl
2025-04-03 22:38:59.137632,3.93,9.00,-1.54,-0.46,0.34,-0.30,BicepCurl
2025-04-03 22:38:59.172661,4.33,8.75,-1.56,-0.21,0.06,-0.01,BicepCurl
2025-04-03 22:38:59.199638,3.81,8.87,-1.55,-0.03,0.08,0.08,BicepCurl
2025-04-03 22:38:59.230183,3.18,9.17,-1.41,0.04,0.04,0.24,BicepCurl
2025-04-03 22:38:59.263031,2.79,9.11,-1.12,0.05,-0.08,0.19,BicepCurl
2025-04-03 22:38:59.292130,2.96,9.05,-1.24,0.06,-0.07,0.17,BicepCurl
2025-04-03 22:38:59.322566,2.83,9.21,-1.16,0.12,-0.08,0.24,BicepCurl
2025-04-03 22:38:59.353364,2.83,9.08,-0.91,0.17,-0.20,0.19,BicepCurl
2025-04-03 22:38:59.384938,3.20,9.11,-1.10,0.16,0.00,0.10,BicepCurl
2025-04-03 22:38:59.414962,2.94,9.02,-0.94,0.13,0.10,0.10,BicepCurl
2025-04-03 22:38:59.446104,3.09,9.05,-0.87,0.12,-0.12,0.09,BicepCurl
2025-04-03 22:38:59.479709,3.26,8.86,-1.00,0.09,-0.06,0.06,BicepCurl
2025-04-03 22:38:59.507319,3.32,8.94,-1.02,0.06,-0.01,0.05,BicepCurl
2025-04-03 22:38:59.538190,3.28,9.05,-0.88,0.01,0.04,0.02,BicepCurl
2025-04-03 22:38:59.570491,3.24,8.93,-0.96,-0.00,0.02,0.03,BicepCurl
2025-04-03 22:38:59.600203,3.25,8.94,-0.96,0.01,0.04,-0.01,BicepCurl
2025-04-03 22:38:59.630823,3.10,9.05,-0.90,-0.01,0.03,0.00,BicepCurl
2025-04-03 22:38:59.661668,3.33,9.03,-0.99,-0.04,-0.03,-0.03,BicepCurl
2025-04-03 22:38:59.694072,3.20,8.98,-0.87,-0.08,0.03,-0.06,BicepCurl
2025-04-03 22:38:59.722980,3.19,9.00,-1.11,-0.06,-0.03,-0.03,BicepCurl
2025-04-03 22:38:59.753907,3.35,9.01,-1.16,-0.04,0.04,-0.04,BicepCurl
2025-04-03 22:38:59.786896,3.10,9.06,-1.14,-0.07,-0.01,-0.03,BicepCurl
2025-04-03 22:38:59.815915,3.39,8.94,-1.36,-0.04,-0.09,-0.01,BicepCurl
2025-04-03 22:38:59.846239,3.53,9.08,-1.29,0.01,-0.06,0.02,BicepCurl
2025-04-03 22:38:59.877292,3.48,8.86,-1.39,0.04,0.02,0.02,BicepCurl
2025-04-03 22:38:59.907790,3.53,8.89,-1.67,0.19,-0.09,0.15,BicepCurl
2025-04-03 22:38:59.938764,3.49,8.94,-1.64,0.29,-0.27,0.25,BicepCurl
2025-04-03 22:38:59.969514,3.78,8.85,-2.09,0.37,-0.36,0.26,BicepCurl
2025-04-03 22:39:00.000973,4.19,8.82,-2.57,0.47,-0.28,0.32,BicepCurl
2025-04-03 22:39:00.031137,3.88,8.82,-2.28,0.67,-0.50,0.46,BicepCurl
2025-04-03 22:39:00.064108,4.35,8.41,-2.57,0.77,-0.44,0.50,BicepCurl
2025-04-03 22:39:00.094130,5.05,8.71,-3.34,0.81,-0.16,0.57,BicepCurl
2025-04-03 22:39:00.123838,4.38,8.63,-3.02,0.94,-0.31,0.67,BicepCurl
2025-04-03 22:39:00.154860,5.39,8.56,-4.44,1.15,-0.48,0.79,BicepCurl
2025-04-03 22:39:00.186016,5.50,8.61,-4.79,1.42,-0.17,0.94,BicepCurl
2025-04-03 22:39:00.220093,5.27,8.51,-4.31,1.62,-0.34,1.04,BicepCurl
2025-04-03 22:39:00.246872,6.50,8.05,-5.60,1.77,-0.28,1.13,BicepCurl
2025-04-03 22:39:00.277691,6.71,7.81,-5.78,1.85,0.29,1.22,BicepCurl
2025-04-03 22:39:00.308790,5.63,7.47,-5.36,1.93,0.32,1.28,BicepCurl
2025-04-03 22:39:00.339524,6.48,6.85,-6.11,2.06,0.11,1.36,BicepCurl
2025-04-03 22:39:00.370768,6.35,6.64,-6.09,2.10,0.14,1.45,BicepCurl
2025-04-03 22:39:00.401791,6.33,6.22,-6.46,2.20,-0.31,1.57,BicepCurl
2025-04-03 22:39:00.432060,7.65,5.27,-7.42,2.33,-0.31,1.69,BicepCurl
2025-04-03 22:39:00.464015,7.49,4.69,-7.74,2.44,0.16,1.69,BicepCurl
2025-04-03 22:39:00.495795,6.53,3.79,-6.57,2.51,-0.15,1.75,BicepCurl
2025-04-03 22:39:00.527941,7.58,2.80,-7.45,2.49,0.28,1.76,BicepCurl
2025-04-03 22:39:00.559300,6.65,2.41,-6.61,2.47,0.24,1.79,BicepCurl
2025-04-03 22:39:00.585933,6.23,1.14,-6.33,2.48,-0.26,1.76,BicepCurl
2025-04-03 22:39:00.617163,7.22,0.46,-7.55,2.48,-0.06,1.67,BicepCurl
2025-04-03 22:39:00.647456,6.75,-0.00,-7.27,2.50,0.00,1.65,BicepCurl
2025-04-03 22:39:00.678757,6.30,-1.25,-6.69,2.50,0.01,1.62,BicepCurl
2025-04-03 22:39:00.709518,5.44,-2.22,-5.19,2.44,0.12,1.47,BicepCurl
2025-04-03 22:39:00.740400,5.14,-2.97,-4.96,2.32,0.17,1.38,BicepCurl
2025-04-03 22:39:00.770956,4.96,-3.42,-4.75,2.11,0.28,1.19,BicepCurl
2025-04-03 22:39:00.805901,3.93,-4.54,-4.49,2.01,0.17,1.04,BicepCurl
2025-04-03 22:39:00.851567,4.18,-5.28,-3.73,1.87,-0.04,0.92,BicepCurl
2025-04-03 22:39:00.866411,4.97,-5.55,-4.15,1.74,0.19,0.77,BicepCurl
2025-04-03 22:39:00.894842,3.01,-6.57,-3.06,1.67,0.01,0.66,BicepCurl
2025-04-03 22:39:00.928499,4.65,-7.11,-1.53,1.60,-1.13,0.83,BicepCurl
2025-04-03 22:39:00.956012,5.37,-7.19,-0.34,1.15,0.06,0.64,BicepCurl
2025-04-03 22:39:00.987383,0.79,-6.85,2.91,0.43,0.20,0.29,BicepCurl
2025-04-03 22:39:01.019560,2.11,-6.67,0.84,-0.32,-0.50,-0.12,BicepCurl
2025-04-03 22:39:01.051161,3.31,-6.56,-0.68,-1.06,0.11,-0.67,BicepCurl
2025-04-03 22:39:01.079582,2.45,-6.68,-1.23,-1.37,0.05,-0.96,BicepCurl
2025-04-03 22:39:01.119646,3.87,-5.93,-2.70,-1.63,-0.35,-0.99,BicepCurl
2025-04-03 22:39:01.141297,4.91,-5.79,-2.85,-1.93,0.21,-1.21,BicepCurl
2025-04-03 22:39:01.171669,3.13,-5.28,-2.08,-2.14,0.19,-1.42,BicepCurl
2025-04-03 22:39:01.206831,3.97,-4.26,-3.32,-2.42,-0.45,-1.55,BicepCurl
2025-04-03 22:39:01.235583,4.87,-3.40,-3.55,-2.69,-0.31,-1.71,BicepCurl
2025-04-03 22:39:01.264051,5.15,-2.14,-4.85,-2.84,-0.42,-1.81,BicepCurl
2025-04-03 22:39:01.294940,6.11,-0.74,-5.71,-2.91,-0.56,-1.75,BicepCurl
2025-04-03 22:39:01.326200,7.47,0.14,-7.23,-2.96,-0.11,-1.64,BicepCurl
2025-04-03 22:39:01.359772,6.87,1.05,-7.72,-2.91,0.11,-1.61,BicepCurl
2025-04-03 22:39:01.387494,5.69,2.10,-7.37,-2.79,-0.94,-1.63,BicepCurl
2025-04-03 22:39:01.425333,9.03,2.99,-9.98,-2.68,-0.47,-1.43,BicepCurl
2025-04-03 22:39:01.450680,7.88,3.03,-7.95,-2.62,0.70,-1.49,BicepCurl
2025-04-03 22:39:01.480517,4.70,3.78,-6.26,-2.52,0.01,-1.62,BicepCurl
2025-04-03 22:39:01.513907,6.86,5.05,-6.91,-2.60,-0.23,-1.53,BicepCurl
2025-04-03 22:39:01.544303,6.73,5.28,-6.24,-2.74,0.56,-1.69,BicepCurl
2025-04-03 22:39:01.572686,4.73,6.87,-5.64,-2.72,0.40,-1.84,BicepCurl
2025-04-03 22:39:01.603121,6.17,8.39,-6.14,-2.66,0.06,-1.73,BicepCurl
2025-04-03 22:39:01.634151,5.89,8.67,-5.54,-2.69,0.50,-1.91,BicepCurl
2025-04-03 22:39:01.667430,4.82,9.25,-4.65,-2.66,0.50,-1.91,BicepCurl
2025-04-03 22:39:01.695744,5.57,10.05,-4.34,-2.62,0.60,-1.98,BicepCurl
2025-04-03 22:39:01.727925,5.57,10.38,-4.25,-2.52,0.85,-1.93,BicepCurl
2025-04-03 22:39:01.757591,5.64,10.03,-4.16,-2.23,0.84,-1.67,BicepCurl
2025-04-03 22:39:01.788577,5.23,9.54,-3.99,-1.54,0.56,-1.28,BicepCurl
2025-04-03 22:39:01.819307,5.39,9.20,-3.73,-0.88,0.11,-0.81,BicepCurl
2025-04-03 22:39:01.850295,5.94,8.91,-3.77,-0.30,-0.08,-0.34,BicepCurl
2025-04-03 22:39:01.907247,6.05,8.50,-2.56,0.06,-0.05,-0.10,BicepCurl
2025-04-03 22:39:01.917009,6.01,8.72,-2.29,0.09,0.21,0.02,BicepCurl
2025-04-03 22:39:01.945963,4.30,8.61,-1.68,0.05,0.14,0.19,BicepCurl
2025-04-03 22:39:01.972596,4.02,9.11,-1.16,0.06,0.11,0.27,BicepCurl
2025-04-03 22:39:02.003272,3.32,8.97,-1.19,0.07,0.09,0.31,BicepCurl
2025-04-03 22:39:02.034123,2.35,9.02,-0.97,0.11,-0.26,0.33,BicepCurl
2025-04-03 22:39:02.065108,2.56,9.07,-0.97,0.11,-0.29,0.32,BicepCurl
2025-04-03 22:39:02.095735,2.35,9.16,-0.95,0.09,-0.20,0.22,BicepCurl
2025-04-03 22:39:02.126556,2.33,9.02,-1.02,0.05,-0.19,0.13,BicepCurl
2025-04-03 22:39:02.157306,2.62,8.95,-0.82,-0.01,-0.29,0.05,BicepCurl
2025-04-03 22:39:02.187900,3.11,8.82,-1.06,-0.04,-0.28,0.00,BicepCurl
2025-04-03 22:39:02.218859,3.38,8.87,-1.35,-0.08,-0.08,-0.06,BicepCurl
2025-04-03 22:39:02.252393,3.39,9.04,-1.25,-0.10,0.03,-0.08,BicepCurl
2025-04-03 22:39:02.280321,3.48,9.12,-1.34,-0.08,-0.03,-0.09,BicepCurl
2025-04-03 22:39:02.315707,3.58,8.82,-1.25,-0.06,0.07,-0.08,BicepCurl
2025-04-03 22:39:02.344539,3.30,8.86,-1.17,-0.05,0.07,-0.03,BicepCurl
2025-04-03 22:39:02.372819,3.12,8.96,-1.23,-0.06,-0.15,-0.00,BicepCurl
2025-04-03 22:39:02.403353,3.37,8.95,-1.26,-0.04,-0.10,0.00,BicepCurl
2025-04-03 22:39:02.435589,3.55,8.95,-1.50,0.00,0.09,-0.01,BicepCurl
2025-04-03 22:39:02.466313,2.96,8.98,-1.18,0.00,0.05,0.01,BicepCurl
2025-04-03 22:39:02.495675,3.13,9.11,-1.17,0.01,-0.10,0.00,BicepCurl
2025-04-03 22:39:02.526357,3.51,8.89,-1.25,0.03,0.03,0.02,BicepCurl
2025-04-03 22:39:02.559325,3.21,8.94,-1.36,0.08,-0.10,0.07,BicepCurl
2025-04-03 22:39:02.588829,3.26,8.96,-1.34,0.11,-0.23,0.11,BicepCurl
2025-04-03 22:39:02.618971,3.67,8.83,-1.75,0.14,-0.18,0.14,BicepCurl
2025-04-03 22:39:02.657352,3.56,8.99,-1.80,0.22,-0.16,0.19,BicepCurl
2025-04-03 22:39:02.681914,3.46,8.78,-1.66,0.30,-0.48,0.26,BicepCurl
2025-04-03 22:39:02.711449,3.96,8.76,-1.87,0.30,-0.43,0.24,BicepCurl
2025-04-03 22:39:02.745996,3.82,8.77,-2.08,0.29,-0.29,0.28,BicepCurl
2025-04-03 22:39:02.785477,3.44,8.65,-2.11,0.38,-0.40,0.27,BicepCurl
2025-04-03 22:39:02.805819,3.99,8.94,-2.62,0.48,-0.40,0.35,BicepCurl
2025-04-03 22:39:02.834637,3.73,8.61,-2.75,0.59,-0.54,0.37,BicepCurl
2025-04-03 22:39:02.868611,4.43,8.60,-3.16,0.75,-0.47,0.46,BicepCurl
2025-04-03 22:39:02.898083,4.42,8.66,-3.72,0.86,-0.29,0.56,BicepCurl
2025-04-03 22:39:02.930155,4.30,8.20,-3.89,1.01,-0.50,0.62,BicepCurl
2025-04-03 22:39:02.964472,5.50,7.97,-4.70,1.17,-0.24,0.64,BicepCurl
2025-04-03 22:39:02.988667,5.30,7.90,-5.08,1.30,-0.08,0.68,BicepCurl
2025-04-03 22:39:03.019501,5.12,7.99,-5.02,1.45,-0.47,0.82,BicepCurl
2025-04-03 22:39:03.054822,6.19,7.84,-6.66,1.58,-0.34,0.92,BicepCurl
2025-04-03 22:39:03.087790,5.93,7.77,-6.50,1.81,-0.14,1.09,BicepCurl
2025-04-03 22:39:03.111613,6.14,7.21,-6.77,2.13,-0.00,1.21,BicepCurl
2025-04-03 22:39:03.142751,6.41,7.09,-7.24,2.34,0.11,1.30,BicepCurl
2025-04-03 22:39:03.189559,5.95,6.71,-6.94,2.45,0.05,1.38,BicepCurl
2025-04-03 22:39:03.204264,6.12,5.73,-7.67,2.57,-0.24,1.42,BicepCurl
2025-04-03 22:39:03.239260,6.80,5.05,-7.66,2.68,-0.10,1.53,BicepCurl
2025-04-03 22:39:03.269730,6.65,4.36,-7.64,2.67,0.37,1.58,BicepCurl
2025-04-03 22:39:03.297827,5.48,3.49,-7.50,2.69,0.20,1.63,BicepCurl
2025-04-03 22:39:03.330389,6.00,2.30,-7.16,2.68,-0.31,1.59,BicepCurl
2025-04-03 22:39:03.372286,6.82,1.82,-7.66,2.62,0.10,1.53,BicepCurl
2025-04-03 22:39:03.396975,5.44,0.96,-7.37,2.63,0.02,1.53,BicepCurl
2025-04-03 22:39:03.421084,6.01,-0.34,-6.96,2.62,-0.03,1.42,BicepCurl
2025-04-03 22:39:03.451599,6.26,-0.67,-7.59,2.57,0.31,1.40,BicepCurl
2025-04-03 22:39:03.484328,5.40,-1.77,-5.98,2.50,0.41,1.34,BicepCurl
2025-04-03 22:39:03.514998,4.72,-2.82,-5.64,2.39,0.18,1.27,BicepCurl
2025-04-03 22:39:03.548262,5.43,-3.51,-6.29,2.30,0.27,1.14,BicepCurl
2025-04-03 22:39:03.583419,5.24,-3.95,-5.43,2.20,0.59,1.07,BicepCurl
2025-04-03 22:39:03.611324,3.57,-4.76,-4.74,2.16,0.17,0.92,BicepCurl
2025-04-03 22:39:03.635797,4.54,-5.44,-4.03,2.18,-0.20,0.85,BicepCurl
2025-04-03 22:39:03.666958,4.67,-5.82,-3.09,2.07,-0.08,0.77,BicepCurl
2025-04-03 22:39:03.697611,2.59,-6.82,-0.66,1.65,-0.07,0.58,BicepCurl
2025-04-03 22:39:03.728608,1.35,-6.71,1.84,1.12,-0.57,0.40,BicepCurl
2025-04-03 22:39:03.759079,2.65,-6.59,1.88,0.37,-0.18,0.04,BicepCurl
2025-04-03 22:39:03.790364,2.69,-6.66,0.93,-0.45,0.74,-0.43,BicepCurl
2025-04-03 22:39:03.823258,1.43,-6.39,-0.06,-1.08,-0.84,-0.81,BicepCurl
2025-04-03 22:39:03.851472,3.06,-6.41,-1.09,-1.45,-1.04,-0.87,BicepCurl
2025-04-03 22:39:03.882928,5.88,-5.98,-3.46,-1.79,0.08,-0.94,BicepCurl
2025-04-03 22:39:03.913118,3.15,-5.65,-2.37,-2.01,0.27,-1.09,BicepCurl
2025-04-03 22:39:03.943928,2.90,-4.98,-2.00,-2.24,-0.51,-1.20,BicepCurl
2025-04-03 22:39:03.977642,5.77,-4.04,-4.51,-2.54,-0.06,-1.37,BicepCurl
2025-04-03 22:39:04.011431,2.98,-3.33,-2.81,-2.76,-0.37,-1.49,BicepCurl
2025-04-03 22:39:04.040973,2.36,-1.99,-3.00,-2.96,-1.74,-1.48,BicepCurl
2025-04-03 22:39:04.067075,7.83,-0.59,-9.75,-2.97,-1.21,-1.25,BicepCurl
2025-04-03 22:39:04.098540,6.34,-0.42,-6.81,-2.93,-0.15,-0.99,BicepCurl
2025-04-03 22:39:04.135076,5.39,0.86,-8.84,-2.81,0.02,-1.25,BicepCurl
2025-04-03 22:39:04.165896,5.98,1.35,-8.52,-2.74,-0.11,-1.15,BicepCurl
2025-04-03 22:39:04.213315,6.58,1.95,-6.74,-2.80,0.34,-1.37,BicepCurl
2025-04-03 22:39:04.220899,4.03,3.17,-7.02,-3.01,0.64,-1.56,BicepCurl
2025-04-03 22:39:04.252116,3.62,4.42,-6.74,-2.99,-0.32,-1.57,BicepCurl
2025-04-03 22:39:04.284442,7.48,5.61,-6.94,-3.10,0.05,-1.46,BicepCurl
2025-04-03 22:39:04.316374,4.93,6.96,-7.12,-3.33,1.55,-1.71,BicepCurl
2025-04-03 22:39:04.348383,3.12,8.16,-5.55,-3.18,0.30,-1.73,BicepCurl
2025-04-03 22:39:04.375065,6.43,8.88,-5.91,-3.21,0.21,-1.73,BicepCurl
2025-04-03 22:39:04.412198,4.85,10.41,-5.02,-3.32,0.97,-2.04,BicepCurl
2025-04-03 22:39:04.436825,4.48,10.62,-4.50,-3.23,0.97,-1.98,BicepCurl
2025-04-03 22:39:04.470877,5.21,11.34,-4.86,-3.05,0.98,-2.17,BicepCurl
2025-04-03 22:39:04.501491,5.25,10.39,-4.76,-2.60,1.06,-1.82,BicepCurl
2025-04-03 22:39:04.531195,4.86,9.99,-3.95,-1.85,0.53,-1.43,BicepCurl
2025-04-03 22:39:04.562811,5.65,9.12,-3.50,-0.96,-0.15,-0.90,BicepCurl
2025-04-03 22:39:04.591230,5.87,8.90,-3.06,-0.46,-0.32,-0.45,BicepCurl
2025-04-03 22:39:04.622822,6.27,8.93,-2.57,-0.22,0.06,-0.20,BicepCurl
2025-04-03 22:39:04.655060,5.12,8.81,-1.78,-0.09,0.33,-0.13,BicepCurl
2025-04-03 22:39:04.683367,3.74,9.03,-1.53,-0.06,0.31,0.08,BicepCurl
2025-04-03 22:39:04.727170,3.41,9.01,-1.26,-0.02,0.00,0.21,BicepCurl
2025-04-03 22:39:04.744965,3.26,9.06,-1.36,0.07,0.03,0.23,BicepCurl
2025-04-03 22:39:04.775860,2.78,9.22,-1.14,0.17,0.14,0.27,BicepCurl
2025-04-03 22:39:04.806723,2.29,9.31,-0.52,0.25,-0.14,0.36,BicepCurl
2025-04-03 22:39:04.841793,2.75,9.21,-0.72,0.24,-0.25,0.29,BicepCurl
2025-04-03 22:39:04.869014,2.64,9.14,-0.42,0.20,-0.07,0.21,BicepCurl
2025-04-03 22:39:04.900204,2.87,9.09,-0.37,0.16,-0.04,0.17,BicepCurl
2025-04-03 22:39:04.930867,2.78,9.12,-0.56,0.11,-0.06,0.18,BicepCurl
2025-04-03 22:39:04.962175,2.85,9.22,-0.71,0.09,-0.22,0.10,BicepCurl
2025-04-03 22:39:04.993446,3.33,9.10,-0.93,0.01,-0.02,0.03,BicepCurl
2025-04-03 22:39:05.024441,3.00,9.15,-0.81,-0.01,-0.04,0.04,BicepCurl
2025-04-03 22:39:05.053748,3.21,8.95,-0.92,-0.00,-0.08,0.03,BicepCurl
2025-04-03 22:39:05.086015,3.36,8.91,-0.99,0.00,0.08,0.01,BicepCurl
2025-04-03 22:39:05.114877,3.13,8.94,-0.81,-0.00,0.09,0.04,BicepCurl
2025-04-03 22:39:05.148129,3.08,9.27,-0.83,-0.04,0.00,0.00,BicepCurl
2025-04-03 22:39:05.177088,3.19,8.96,-0.88,-0.06,0.07,0.01,BicepCurl
2025-04-03 22:39:05.216546,3.13,8.99,-0.77,-0.06,0.05,-0.03,BicepCurl
2025-04-03 22:39:05.238168,2.97,9.10,-0.72,-0.05,0.01,0.00,BicepCurl
2025-04-03 22:39:05.269840,3.21,8.99,-0.99,-0.04,-0.06,0.00,BicepCurl
2025-04-03 22:39:05.300681,3.40,9.02,-1.12,-0.05,0.08,-0.03,BicepCurl
2025-04-03 22:39:05.332215,2.86,9.19,-0.79,-0.03,-0.08,0.00,BicepCurl
2025-04-03 22:39:05.360890,3.51,8.98,-1.26,0.03,-0.07,0.02,BicepCurl
2025-04-03 22:39:05.391597,3.33,8.96,-1.13,0.09,-0.01,0.03,BicepCurl
2025-04-03 22:39:05.423475,3.15,8.92,-1.08,0.13,-0.11,0.11,BicepCurl
2025-04-03 22:39:05.454008,3.40,8.83,-1.50,0.26,-0.50,0.24,BicepCurl
2025-04-03 22:39:05.484528,3.80,8.90,-1.93,0.41,-0.50,0.26,BicepCurl
2025-04-03 22:39:05.523046,4.23,8.88,-2.18,0.54,-0.37,0.33,BicepCurl
2025-04-03 22:39:05.545462,4.11,8.88,-2.48,0.63,-0.35,0.39,BicepCurl
2025-04-03 22:39:05.578592,4.43,8.54,-2.65,0.72,-0.57,0.38,BicepCurl
2025-04-03 22:39:05.607217,5.15,8.52,-3.49,0.84,-0.42,0.51,BicepCurl
2025-04-03 22:39:05.639023,4.71,8.62,-3.87,1.09,-0.44,0.71,BicepCurl
2025-04-03 22:39:05.668974,5.61,8.75,-4.63,1.41,-0.68,0.88,BicepCurl
2025-04-03 22:39:05.699792,5.95,8.69,-5.16,1.64,-0.35,0.96,BicepCurl
2025-04-03 22:39:05.730766,5.47,8.61,-5.08,1.91,-0.24,1.15,BicepCurl
2025-04-03 22:39:05.761459,5.64,8.36,-5.84,2.12,-0.32,1.29,BicepCurl
2025-04-03 22:39:05.792249,6.21,8.15,-6.36,2.34,-0.33,1.42,BicepCurl
2025-04-03 22:39:05.823476,6.90,7.58,-6.73,2.49,0.02,1.49,BicepCurl
2025-04-03 22:39:05.854559,5.74,6.90,-6.49,2.59,0.16,1.57,BicepCurl
2025-04-03 22:39:05.884537,6.18,6.71,-6.79,2.73,-0.33,1.67,BicepCurl
2025-04-03 22:39:05.915301,6.65,5.75,-7.44,2.84,-0.28,1.68,BicepCurl
2025-04-03 22:39:05.946368,6.64,5.00,-7.72,2.89,-0.11,1.70,BicepCurl
2025-04-03 22:39:05.977002,6.31,4.55,-7.81,2.90,-0.04,1.70,BicepCurl
2025-04-03 22:39:06.007883,6.08,3.34,-7.42,2.93,-0.28,1.69,BicepCurl
2025-04-03 22:39:06.040886,6.66,2.14,-7.75,2.92,-0.05,1.64,BicepCurl
2025-04-03 22:39:06.069511,5.79,1.31,-7.43,2.84,-0.03,1.58,BicepCurl
2025-04-03 22:39:06.100363,4.94,0.08,-6.70,2.83,-0.45,1.48,BicepCurl
2025-04-03 22:39:06.132790,5.44,-1.14,-6.86,2.84,-0.24,1.33,BicepCurl
2025-04-03 22:39:06.162163,4.87,-1.93,-5.43,2.64,0.49,1.17,BicepCurl
2025-04-03 22:39:06.192699,4.24,-2.23,-5.56,2.46,0.13,1.15,BicepCurl
2025-04-03 22:39:06.227753,4.64,-3.51,-5.39,2.30,-0.09,1.07,BicepCurl
2025-04-03 22:39:06.254685,4.63,-4.30,-5.04,2.20,-0.05,0.91,BicepCurl
2025-04-03 22:39:06.285195,4.74,-4.83,-4.78,2.13,-0.04,0.86,BicepCurl
2025-04-03 22:39:06.316067,3.82,-5.74,-3.44,1.92,0.21,0.73,BicepCurl
2025-04-03 22:39:06.351886,2.55,-6.22,-0.69,1.64,-0.56,0.60,BicepCurl
2025-04-03 22:39:06.377752,4.28,-6.20,-0.35,1.12,-0.25,0.49,BicepCurl
2025-04-03 22:39:06.408677,3.64,-6.75,-0.24,0.49,0.65,0.35,BicepCurl
2025-04-03 22:39:06.444032,1.38,-6.95,0.34,-0.04,0.34,0.12,BicepCurl
2025-04-03 22:39:06.470501,2.26,-7.07,-1.20,-0.54,0.01,-0.24,BicepCurl
2025-04-03 22:39:06.500999,3.37,-6.85,-2.60,-0.80,0.13,-0.50,BicepCurl
2025-04-03 22:39:06.533467,2.75,-6.61,-1.53,-1.10,-0.02,-0.72,BicepCurl
2025-04-03 22:39:06.562849,2.70,-6.30,-1.90,-1.46,-0.23,-0.99,BicepCurl
2025-04-03 22:39:06.593390,4.15,-5.46,-2.68,-1.76,-0.18,-1.10,BicepCurl
2025-04-03 22:39:06.624220,3.35,-4.62,-2.28,-2.23,0.01,-1.37,BicepCurl
2025-04-03 22:39:06.655445,3.92,-3.85,-3.11,-2.49,-0.24,-1.52,BicepCurl
2025-04-03 22:39:06.685757,4.73,-2.91,-4.11,-2.71,-0.27,-1.64,BicepCurl
2025-04-03 22:39:06.716588,4.97,-1.69,-4.08,-2.96,-0.26,-1.49,BicepCurl
2025-04-03 22:39:06.750255,6.10,-0.91,-5.73,-3.24,0.48,-1.70,BicepCurl
2025-04-03 22:39:06.778892,4.00,0.86,-6.08,-3.14,-0.63,-1.54,BicepCurl
2025-04-03 22:39:06.809368,8.81,2.06,-8.83,-3.19,-0.72,-1.53,BicepCurl
2025-04-03 22:39:06.841006,6.41,2.78,-7.44,-3.36,1.04,-1.50,BicepCurl
2025-04-03 22:39:06.871674,4.24,3.35,-5.76,-3.31,0.34,-1.66,BicepCurl
2025-04-03 22:39:06.901860,6.63,5.31,-8.49,-3.34,-0.57,-1.71,BicepCurl
2025-04-03 22:39:06.932698,7.47,6.57,-7.92,-3.29,0.66,-1.49,BicepCurl
2025-04-03 22:39:06.963693,5.74,7.04,-7.39,-3.04,0.48,-1.54,BicepCurl
2025-04-03 22:39:06.994536,6.54,7.53,-7.92,-2.75,-0.06,-1.43,BicepCurl
2025-04-03 22:39:07.029120,6.11,7.62,-7.26,-2.49,0.52,-1.90,BicepCurl
2025-04-03 22:39:07.056822,5.36,7.90,-6.32,-2.20,0.19,-1.57,BicepCurl
2025-04-03 22:39:07.087202,6.31,8.56,-5.65,-2.08,0.14,-1.58,BicepCurl
2025-04-03 22:39:07.117883,5.32,8.65,-4.56,-2.02,0.34,-1.32,BicepCurl
2025-04-03 22:39:07.149173,4.95,8.70,-3.86,-2.02,0.50,-1.32,BicepCurl
2025-04-03 22:39:07.183150,5.12,9.20,-3.69,-1.97,0.67,-1.27,BicepCurl
2025-04-03 22:39:07.210596,4.64,9.50,-3.30,-1.83,0.70,-1.20,BicepCurl
2025-04-03 22:39:07.241445,4.73,9.52,-2.98,-1.56,0.63,-1.02,BicepCurl
2025-04-03 22:39:07.272441,4.28,9.27,-2.72,-1.20,0.38,-0.80,BicepCurl
2025-04-03 22:39:07.303147,4.79,9.26,-2.57,-0.83,0.33,-0.59,BicepCurl
2025-04-03 22:39:07.333781,4.26,8.98,-2.16,-0.47,0.27,-0.33,BicepCurl
2025-04-03 22:39:07.364735,4.21,8.69,-1.66,-0.28,0.10,-0.17,BicepCurl
2025-04-03 22:39:07.395723,4.53,8.61,-1.42,-0.16,0.21,-0.07,BicepCurl
2025-04-03 22:39:07.427333,3.50,9.19,-0.74,-0.13,0.26,0.00,BicepCurl
2025-04-03 22:39:07.457049,3.44,9.28,-0.70,-0.09,0.08,0.08,BicepCurl
2025-04-03 22:39:07.490320,3.34,9.21,-0.82,-0.03,0.07,0.10,BicepCurl
2025-04-03 22:39:07.522288,2.77,9.15,-0.72,0.01,-0.08,0.18,BicepCurl
2025-04-03 22:39:07.553842,2.73,9.16,-0.61,0.05,-0.17,0.19,BicepCurl
2025-04-03 22:39:07.586922,2.85,9.13,-0.47,0.06,-0.06,0.23,BicepCurl
2025-04-03 22:39:07.611691,2.60,9.14,-0.24,0.06,-0.07,0.14,BicepCurl
2025-04-03 22:39:07.642096,2.55,9.18,-0.37,0.05,-0.13,0.07,BicepCurl
2025-04-03 22:39:07.672665,2.76,9.22,-0.47,0.05,-0.12,0.07,BicepCurl
2025-04-03 22:39:07.703643,2.90,8.93,-0.29,0.07,-0.02,0.04,BicepCurl
2025-04-03 22:39:07.734397,2.81,9.10,-0.26,0.03,-0.02,-0.02,BicepCurl
2025-04-03 22:39:07.765315,2.94,9.27,-0.59,-0.03,-0.07,0.01,BicepCurl
2025-04-03 22:39:07.799526,3.08,9.22,-0.57,-0.08,-0.14,-0.04,BicepCurl
2025-04-03 22:39:07.829657,3.23,9.03,-0.82,-0.06,-0.02,-0.05,BicepCurl
2025-04-03 22:39:07.857331,3.06,9.19,-0.48,-0.02,0.01,0.01,BicepCurl
2025-04-03 22:39:07.892053,3.15,8.98,-0.78,-0.01,0.01,-0.01,BicepCurl
2025-04-03 22:39:07.918846,2.87,9.10,-0.64,-0.01,-0.08,0.05,BicepCurl
2025-04-03 22:39:07.949733,3.07,9.05,-0.69,0.01,-0.13,0.06,BicepCurl
2025-04-03 22:39:07.980677,3.39,9.01,-0.91,0.02,0.02,0.04,BicepCurl
2025-04-03 22:39:08.011114,3.21,9.13,-0.85,0.04,0.11,0.01,BicepCurl
2025-04-03 22:39:08.045163,3.11,9.15,-0.75,0.07,-0.03,0.01,BicepCurl
2025-04-03 22:39:08.072661,3.52,8.97,-0.92,0.12,-0.07,0.02,BicepCurl
2025-04-03 22:39:08.105888,3.23,9.07,-1.02,0.16,-0.01,0.06,BicepCurl
2025-04-03 22:39:08.137096,2.99,9.18,-1.01,0.26,-0.35,0.18,BicepCurl
2025-04-03 22:39:08.164895,3.48,8.96,-1.59,0.44,-0.68,0.31,BicepCurl
2025-04-03 22:39:08.212231,4.38,8.89,-2.20,0.63,-0.40,0.35,BicepCurl
2025-04-03 22:39:08.226806,4.04,8.95,-2.12,0.66,-0.17,0.32,BicepCurl
2025-04-03 22:39:08.257693,3.85,8.78,-2.56,0.78,-0.32,0.43,BicepCurl
2025-04-03 22:39:08.288661,4.07,8.80,-2.64,0.94,-0.65,0.51,BicepCurl
2025-04-03 22:39:08.321624,4.53,8.76,-3.18,1.07,-0.64,0.55,BicepCurl
2025-04-03 22:39:08.352208,4.66,8.73,-3.89,1.27,-0.53,0.68,BicepCurl
2025-04-03 22:39:08.380891,4.92,8.54,-3.96,1.43,-0.57,0.79,BicepCurl
2025-04-03 22:39:08.411883,5.23,8.61,-4.59,1.57,-0.47,0.94,BicepCurl
2025-04-03 22:39:08.443905,5.60,8.37,-5.26,1.75,-0.27,1.08,BicepCurl
2025-04-03 22:39:08.476657,6.29,7.97,-5.80,1.92,0.06,1.15,BicepCurl
2025-04-03 22:39:08.507148,5.83,7.82,-5.99,2.10,0.20,1.25,BicepCurl
2025-04-03 22:39:08.535657,5.88,7.36,-5.77,2.17,-0.12,1.36,BicepCurl
2025-04-03 22:39:08.565834,6.59,6.71,-6.79,2.25,-0.14,1.49,BicepCurl
2025-04-03 22:39:08.596673,6.59,6.55,-7.03,2.37,-0.17,1.54,BicepCurl
2025-04-03 22:39:08.628496,6.52,5.76,-7.14,2.53,-0.14,1.55,BicepCurl
2025-04-03 22:39:08.658159,6.86,4.66,-7.20,2.53,-0.01,1.53,BicepCurl
2025-04-03 22:39:08.713935,6.68,4.24,-7.68,2.52,0.29,1.56,BicepCurl
2025-04-03 22:39:08.720449,5.76,3.67,-6.66,2.51,0.10,1.60,BicepCurl
2025-04-03 22:39:08.751335,6.45,2.65,-7.58,2.52,-0.28,1.58,BicepCurl
2025-04-03 22:39:08.782356,6.61,1.74,-7.62,2.47,0.45,1.52,BicepCurl
2025-04-03 22:39:08.813658,5.44,1.35,-7.10,2.43,0.29,1.54,BicepCurl
2025-04-03 22:39:08.843635,6.51,0.14,-7.15,2.46,-0.00,1.53,BicepCurl
2025-04-03 22:39:08.873763,6.08,-0.99,-6.62,2.43,0.44,1.54,BicepCurl
2025-04-03 22:39:08.905130,5.52,-1.84,-6.24,2.28,0.79,1.44,BicepCurl
2025-04-03 22:39:08.946698,4.68,-2.41,-5.98,2.23,0.40,1.29,BicepCurl
2025-04-03 22:39:08.966407,5.65,-3.66,-4.83,2.22,0.09,1.37,BicepCurl
2025-04-03 22:39:08.999653,6.29,-4.09,-4.90,2.08,0.49,1.28,BicepCurl
2025-04-03 22:39:09.028139,5.00,-4.80,-3.82,1.85,0.98,1.29,BicepCurl
2025-04-03 22:39:09.058964,3.03,-5.57,-2.07,1.64,0.70,1.35,BicepCurl
2025-04-03 22:39:09.089688,3.39,-5.80,-1.27,1.33,-0.03,1.08,BicepCurl
2025-04-03 22:39:09.120891,4.94,-6.34,-2.35,1.00,0.59,0.87,BicepCurl
2025-04-03 22:39:09.151320,1.95,-6.91,-0.72,0.71,0.40,0.67,BicepCurl
2025-04-03 22:39:09.184103,1.73,-7.29,-0.61,0.46,-0.35,0.39,BicepCurl
2025-04-03 22:39:09.215635,3.73,-7.41,-1.67,0.14,-0.18,-0.04,BicepCurl
2025-04-03 22:39:09.242761,3.69,-7.42,-1.97,-0.09,0.07,-0.24,BicepCurl
2025-04-03 22:39:09.276578,3.20,-7.51,-1.73,-0.25,-0.24,-0.28,BicepCurl
2025-04-03 22:39:09.305013,4.79,-7.39,-2.57,-0.42,-0.15,-0.34,BicepCurl
2025-04-03 22:39:09.335906,3.93,-7.28,-1.57,-0.61,-0.05,-0.43,BicepCurl
2025-04-03 22:39:09.366627,3.46,-7.05,-1.01,-0.95,-0.33,-0.58,BicepCurl
2025-04-03 22:39:09.399944,4.80,-6.57,-2.21,-1.22,-0.01,-0.79,BicepCurl
2025-04-03 22:39:09.428379,3.53,-6.17,-1.75,-1.52,0.16,-1.09,BicepCurl
2025-04-03 22:39:09.459270,3.88,-5.07,-2.55,-1.79,-0.02,-1.36,BicepCurl
2025-04-03 22:39:09.490029,3.88,-4.58,-2.40,-2.01,-0.30,-1.57,BicepCurl
2025-04-03 22:39:09.522518,4.45,-3.35,-3.04,-2.45,-0.30,-1.75,BicepCurl
2025-04-03 22:39:09.551555,5.01,-1.71,-5.21,-2.62,-0.62,-2.01,BicepCurl
2025-04-03 22:39:09.582290,5.55,-0.66,-5.44,-2.69,-0.97,-1.80,BicepCurl
2025-04-03 22:39:09.617333,6.69,-0.25,-6.15,-2.88,-0.41,-1.72,BicepCurl
2025-04-03 22:39:09.644380,5.79,1.71,-7.61,-2.94,0.11,-1.88,BicepCurl
2025-04-03 22:39:09.674853,5.39,1.94,-6.11,-2.92,-0.43,-1.77,BicepCurl
2025-04-03 22:39:09.711688,7.15,3.01,-7.47,-3.02,-0.26,-2.01,BicepCurl
2025-04-03 22:39:09.736638,6.79,4.88,-8.26,-2.92,0.01,-1.80,BicepCurl
2025-04-03 22:39:09.766714,6.72,4.99,-7.66,-2.80,-0.11,-1.74,BicepCurl
2025-04-03 22:39:09.797998,7.38,5.65,-7.00,-2.75,0.04,-1.86,BicepCurl
2025-04-03 22:39:09.829684,6.76,6.24,-6.74,-2.90,1.25,-1.72,BicepCurl
2025-04-03 22:39:09.860054,4.72,6.84,-5.40,-2.75,0.20,-1.73,BicepCurl
2025-04-03 22:39:09.890664,6.65,8.21,-5.32,-2.66,-0.50,-1.68,BicepCurl
2025-04-03 22:39:09.924604,6.80,8.83,-5.44,-2.71,0.39,-1.81,BicepCurl
2025-04-03 22:39:09.952673,5.62,8.83,-4.60,-2.74,0.84,-1.78,BicepCurl
2025-04-03 22:39:09.983004,5.13,9.89,-3.61,-2.68,0.61,-1.87,BicepCurl
2025-04-03 22:39:10.015092,5.82,10.79,-4.11,-2.51,0.49,-1.86,BicepCurl
2025-04-03 22:39:10.045018,5.63,10.35,-3.75,-2.18,0.70,-1.47,BicepCurl
2025-04-03 22:39:10.075670,5.07,10.12,-3.07,-1.73,0.71,-1.25,BicepCurl
2025-04-03 22:39:10.106455,5.37,8.90,-2.82,-1.10,0.27,-0.96,BicepCurl
2025-04-03 22:39:10.137748,5.45,8.84,-2.61,-0.70,0.16,-0.53,BicepCurl
2025-04-03 22:39:10.168203,5.25,8.78,-2.21,-0.42,0.13,-0.29,BicepCurl
2025-04-03 22:39:10.199014,4.91,8.83,-1.63,-0.24,0.15,-0.12,BicepCurl
2025-04-03 22:39:10.231853,4.14,9.11,-1.38,-0.03,0.06,0.15,BicepCurl
2025-04-03 22:39:10.261250,3.95,9.11,-1.01,0.06,0.09,0.24,BicepCurl
2025-04-03 22:39:10.291198,3.33,9.14,-0.68,0.09,0.08,0.30,BicepCurl
2025-04-03 22:39:10.322756,3.14,9.04,-0.47,0.16,0.03,0.36,BicepCurl
2025-04-03 22:39:10.353027,3.02,8.94,-0.30,0.17,0.16,0.34,BicepCurl
2025-04-03 22:39:10.383395,2.60,9.27,-0.25,0.15,0.08,0.29,BicepCurl
2025-04-03 22:39:10.415375,2.66,9.23,-0.11,0.13,0.03,0.25,BicepCurl
2025-04-03 22:39:10.445827,2.56,9.19,0.04,0.07,-0.06,0.18,BicepCurl
2025-04-03 22:39:10.475793,2.83,9.11,-0.19,0.05,-0.16,0.11,BicepCurl
2025-04-03 22:39:10.506454,3.17,8.99,-0.25,0.04,-0.08,0.07,BicepCurl
2025-04-03 22:39:10.539765,3.30,8.97,-0.22,0.02,0.14,0.03,BicepCurl
2025-04-03 22:39:10.578408,3.18,9.05,-0.32,-0.02,0.23,-0.01,BicepCurl
2025-04-03 22:39:10.598873,3.06,9.06,-0.13,-0.05,0.08,-0.01,BicepCurl
2025-04-03 22:39:10.629586,3.24,8.99,-0.16,-0.06,-0.04,-0.06,BicepCurl
2025-04-03 22:39:10.660645,3.58,9.02,-0.35,-0.07,0.04,-0.06,BicepCurl
2025-04-03 22:39:10.691124,3.40,9.05,-0.24,-0.06,-0.02,-0.04,BicepCurl
2025-04-03 22:39:10.721937,3.48,9.07,-0.34,-0.05,-0.12,-0.00,BicepCurl
2025-04-03 22:39:10.753048,3.55,8.94,-0.50,-0.01,-0.18,0.02,BicepCurl
2025-04-03 22:39:10.783550,3.87,9.00,-0.94,0.04,-0.09,0.06,BicepCurl
2025-04-03 22:39:10.814414,3.50,8.88,-1.06,0.15,-0.13,0.16,BicepCurl
2025-04-03 22:39:10.847959,3.57,8.86,-1.13,0.39,-0.59,0.34,BicepCurl
2025-04-03 22:39:10.876059,4.25,8.96,-1.74,0.52,-0.61,0.42,BicepCurl
2025-04-03 22:39:10.906652,4.69,8.96,-2.37,0.67,-0.42,0.50,BicepCurl
2025-04-03 22:39:10.937991,4.52,8.91,-2.46,0.89,-0.43,0.64,BicepCurl
2025-04-03 22:39:10.971863,4.56,8.86,-2.50,1.11,-0.66,0.82,BicepCurl
2025-04-03 22:39:10.999424,5.23,9.09,-3.52,1.37,-0.73,0.96,BicepCurl
2025-04-03 22:39:11.030112,5.58,9.06,-3.89,1.60,-0.72,1.07,BicepCurl
2025-04-03 22:39:11.061360,6.29,8.56,-4.25,1.82,-0.51,1.15,BicepCurl
2025-04-03 22:39:11.091609,6.63,8.38,-4.98,1.96,-0.14,1.22,BicepCurl
2025-04-03 22:39:11.122519,6.34,8.12,-4.97,2.14,-0.11,1.34,BicepCurl
2025-04-03 22:39:11.154552,6.77,7.68,-5.00,2.23,-0.23,1.38,BicepCurl
2025-04-03 22:39:11.189210,6.60,7.10,-5.96,2.30,-0.15,1.44,BicepCurl
2025-04-03 22:39:11.214969,6.38,6.95,-5.98,2.40,-0.37,1.51,BicepCurl
2025-04-03 22:39:11.245946,6.56,6.24,-6.00,2.44,-0.39,1.42,BicepCurl
2025-04-03 22:39:11.278557,6.63,5.71,-6.94,2.56,-0.51,1.47,BicepCurl
2025-04-03 22:39:11.311122,6.98,5.20,-6.94,2.59,-0.25,1.44,BicepCurl
2025-04-03 22:39:11.338327,6.63,4.30,-7.13,2.59,-0.04,1.48,BicepCurl
2025-04-03 22:39:11.373550,6.34,3.39,-7.63,2.62,-0.24,1.52,BicepCurl
2025-04-03 22:39:11.401427,6.71,2.00,-7.01,2.59,0.04,1.46,BicepCurl
2025-04-03 22:39:11.430876,6.51,1.47,-7.02,2.54,0.23,1.45,BicepCurl
2025-04-03 22:39:11.461767,5.50,0.48,-6.79,2.48,-0.23,1.48,BicepCurl
2025-04-03 22:39:11.492765,6.42,-0.68,-6.91,2.51,-0.60,1.60,BicepCurl
2025-04-03 22:39:11.524850,6.78,-1.38,-6.80,2.49,-0.07,1.62,BicepCurl
2025-04-03 22:39:11.554236,4.88,-2.19,-6.65,2.43,0.05,1.43,BicepCurl
2025-04-03 22:39:11.588076,4.97,-3.20,-5.66,2.42,-0.36,1.27,BicepCurl
2025-04-03 22:39:11.619169,5.54,-3.35,-5.30,2.36,-0.13,1.14,BicepCurl
2025-04-03 22:39:11.646650,4.90,-4.26,-4.99,2.21,0.29,0.97,BicepCurl
2025-04-03 22:39:11.680632,4.82,-4.92,-4.14,2.06,0.73,0.92,BicepCurl
2025-04-03 22:39:11.708224,5.31,-4.99,-3.19,1.65,1.48,0.82,BicepCurl
2025-04-03 22:39:11.739027,3.31,-6.07,-1.81,1.39,0.87,0.82,BicepCurl
2025-04-03 22:39:11.775153,2.61,-6.94,-0.55,1.13,0.02,0.88,BicepCurl
2025-04-03 22:39:11.806729,2.10,-7.37,-0.07,0.76,-0.20,0.62,BicepCurl
2025-04-03 22:39:11.834461,1.81,-7.29,0.29,0.29,-0.17,0.08,BicepCurl
2025-04-03 22:39:11.861988,2.08,-6.82,-0.34,-0.41,-0.06,-0.57,BicepCurl
2025-04-03 22:39:11.894768,2.19,-6.64,-0.73,-0.82,-0.52,-0.80,BicepCurl
2025-04-03 22:39:11.925809,2.95,-6.56,-1.13,-1.15,-0.91,-0.90,BicepCurl
2025-04-03 22:39:11.954414,4.80,-5.91,-3.34,-1.45,-0.76,-1.06,BicepCurl
2025-04-03 22:39:11.987419,5.38,-5.74,-3.80,-1.67,-0.08,-1.22,BicepCurl
2025-04-03 22:39:12.016077,3.94,-4.93,-1.87,-2.11,0.77,-1.29,BicepCurl
2025-04-03 22:39:12.046824,4.43,-4.15,-3.96,-2.32,0.69,-1.66,BicepCurl
2025-04-03 22:39:12.077888,4.05,-3.62,-3.73,-2.40,-0.13,-1.94,BicepCurl
2025-04-03 22:39:12.110233,5.18,-1.93,-3.68,-2.57,-0.59,-1.97,BicepCurl
2025-04-03 22:39:12.139378,7.10,-0.73,-6.88,-2.72,-0.35,-1.78,BicepCurl
2025-04-03 22:39:12.174127,6.46,0.38,-5.20,-2.77,0.16,-1.71,BicepCurl
2025-04-03 22:39:12.205262,6.23,0.36,-4.31,-2.96,0.38,-1.78,BicepCurl
2025-04-03 22:39:12.238096,5.87,1.87,-5.24,-3.26,0.57,-2.01,BicepCurl
2025-04-03 22:39:12.264296,6.76,5.44,-8.61,-3.20,0.10,-2.04,BicepCurl
2025-04-03 22:39:12.295019,7.66,5.78,-7.49,-3.07,-0.25,-2.05,BicepCurl
2025-04-03 22:39:12.324450,8.80,5.55,-6.44,-3.27,0.62,-2.11,BicepCurl
2025-04-03 22:39:12.356931,6.30,8.15,-8.21,-3.08,0.69,-1.99,BicepCurl
2025-04-03 22:39:12.385746,6.11,8.42,-6.47,-2.66,-0.44,-1.71,BicepCurl
2025-04-03 22:39:12.418471,8.53,7.88,-5.85,-2.61,-0.07,-1.33,BicepCurl
2025-04-03 22:39:12.447411,5.88,8.16,-5.08,-2.54,0.47,-2.01,BicepCurl
2025-04-03 22:39:12.486025,5.87,8.21,-4.68,-2.44,0.49,-1.79,BicepCurl
2025-04-03 22:39:12.509517,5.92,9.35,-3.73,-2.43,0.66,-2.05,BicepCurl
2025-04-03 22:39:12.540107,5.56,10.26,-3.49,-2.35,0.79,-1.91,BicepCurl
2025-04-03 22:39:12.571282,5.75,10.30,-3.24,-2.05,0.88,-1.68,BicepCurl
2025-04-03 22:39:12.602731,5.13,9.92,-2.91,-1.68,0.75,-1.48,BicepCurl
2025-04-03 22:39:12.632609,5.02,9.46,-1.60,-1.27,0.36,-1.19,BicepCurl
2025-04-03 22:39:12.666059,5.18,9.34,-1.61,-1.01,0.23,-0.88,BicepCurl
2025-04-03 22:39:12.696730,5.34,8.82,-1.98,-0.69,0.11,-0.63,BicepCurl
2025-04-03 22:39:12.724985,5.52,8.87,-1.59,-0.40,0.51,-0.35,BicepCurl
2025-04-03 22:39:12.755806,4.19,8.88,-0.82,-0.23,0.36,-0.07,BicepCurl
2025-04-03 22:39:12.789431,4.32,8.88,-0.98,-0.04,-0.10,0.11,BicepCurl
2025-04-03 22:39:12.817807,4.07,9.21,-0.78,0.12,-0.28,0.32,BicepCurl
2025-04-03 22:39:12.848306,4.05,8.83,-0.66,0.25,-0.34,0.37,BicepCurl
2025-04-03 22:39:12.882464,3.94,9.12,-0.55,0.31,-0.04,0.39,BicepCurl
2025-04-03 22:39:12.911161,3.39,9.27,-0.05,0.31,0.03,0.39,BicepCurl
2025-04-03 22:39:12.941140,2.75,9.05,0.23,0.29,0.01,0.35,BicepCurl
2025-04-03 22:39:12.971442,2.66,9.14,0.40,0.25,-0.04,0.30,BicepCurl
2025-04-03 22:39:13.006304,2.60,9.15,0.36,0.17,-0.09,0.23,BicepCurl
2025-04-03 22:39:13.033118,2.68,9.12,0.32,0.12,-0.11,0.20,BicepCurl
2025-04-03 22:39:13.064016,2.83,9.14,0.13,0.07,-0.10,0.13,BicepCurl
2025-04-03 22:39:13.098456,2.96,9.07,0.08,0.01,-0.11,0.05,BicepCurl
2025-04-03 22:39:13.125395,3.38,8.95,-0.42,-0.03,-0.10,0.00,BicepCurl
2025-04-03 22:39:13.156210,3.47,8.98,-0.27,-0.04,-0.01,-0.02,BicepCurl
2025-04-03 22:39:13.189053,3.82,8.92,-0.42,-0.08,0.12,-0.09,BicepCurl
2025-04-03 22:39:13.218308,3.25,8.92,-0.15,-0.08,-0.00,-0.07,BicepCurl
2025-04-03 22:39:13.249573,3.47,8.86,-0.05,-0.07,-0.16,-0.04,BicepCurl
2025-04-03 22:39:13.279276,4.02,8.90,-0.64,-0.08,0.04,-0.08,BicepCurl
2025-04-03 22:39:13.311584,3.36,9.06,-0.16,-0.06,0.08,-0.02,BicepCurl
2025-04-03 22:39:13.340623,3.28,8.94,-0.08,-0.02,-0.11,-0.01,BicepCurl
2025-04-03 22:39:13.372230,3.82,8.88,-0.54,-0.01,0.00,0.04,BicepCurl
2025-04-03 22:39:13.406238,3.42,9.06,-0.42,0.01,-0.01,0.05,BicepCurl
2025-04-03 22:39:13.432991,3.58,9.02,-0.47,0.05,-0.14,0.11,BicepCurl
2025-04-03 22:39:13.463651,3.80,8.91,-0.81,0.19,-0.29,0.21,BicepCurl
2025-04-03 22:39:13.496815,4.14,9.06,-1.48,0.33,-0.39,0.31,BicepCurl
2025-04-03 22:39:13.525570,4.11,8.64,-0.99,0.46,-0.49,0.41,BicepCurl
2025-04-03 22:39:13.556148,4.55,8.69,-1.55,0.56,-0.49,0.46,BicepCurl
2025-04-03 22:39:13.587657,5.10,8.51,-2.67,0.64,-0.29,0.46,BicepCurl
2025-04-03 22:39:13.627110,4.31,8.86,-1.44,0.79,-0.47,0.66,BicepCurl
2025-04-03 22:39:13.648757,5.01,8.60,-2.14,0.95,-0.80,0.77,BicepCurl
2025-04-03 22:39:13.679491,5.70,8.73,-3.37,1.17,-0.75,0.87,BicepCurl
2025-04-03 22:39:13.713517,5.92,8.61,-3.67,1.34,-0.56,1.03,BicepCurl
2025-04-03 22:39:13.741294,5.73,8.45,-3.48,1.50,-0.51,1.03,BicepCurl
2025-04-03 22:39:13.771850,6.08,8.22,-4.75,1.68,-0.58,1.12,BicepCurl
2025-04-03 22:39:13.804953,6.94,8.10,-5.34,1.88,-0.46,1.31,BicepCurl
2025-04-03 22:39:13.833773,7.14,8.00,-5.20,2.07,-0.25,1.45,BicepCurl
2025-04-03 22:39:13.871331,6.91,7.43,-6.07,2.26,-0.32,1.48,BicepCurl
2025-04-03 22:39:13.897428,7.06,6.68,-6.21,2.44,-0.21,1.62,BicepCurl
2025-04-03 22:39:13.926398,6.98,6.16,-5.84,2.47,-0.26,1.61,BicepCurl
2025-04-03 22:39:13.956739,6.71,5.15,-6.25,2.52,-0.46,1.63,BicepCurl
2025-04-03 22:39:13.987738,7.36,4.73,-7.23,2.54,-0.30,1.73,BicepCurl
2025-04-03 22:39:14.020674,6.72,4.03,-6.55,2.54,-0.32,1.70,BicepCurl
2025-04-03 22:39:14.049647,6.58,2.89,-6.89,2.53,-0.29,1.65,BicepCurl
2025-04-03 22:39:14.083215,6.82,2.16,-7.50,2.55,-0.19,1.61,BicepCurl
2025-04-03 22:39:14.112269,6.43,0.90,-6.64,2.51,0.07,1.56,BicepCurl
2025-04-03 22:39:14.142012,5.75,0.61,-6.65,2.48,-0.01,1.49,BicepCurl
2025-04-03 22:39:14.172552,5.88,-0.33,-6.98,2.53,-0.31,1.49,BicepCurl
2025-04-03 22:39:14.203326,6.20,-1.45,-6.36,2.46,-0.04,1.29,BicepCurl
2025-04-03 22:39:14.241275,5.84,-1.73,-5.72,2.33,0.33,1.26,BicepCurl
2025-04-03 22:39:14.272708,5.22,-2.84,-5.25,2.18,0.22,1.22,BicepCurl